timestamp_sec,rpm,manifold_pressure_bar,oil_temp_c,oil_press_bar,cht_cyl1,cht_cyl2,cht_cyl3_anomaly,cht_cyl4,target_health_index,target_rul_hours
0,2512.4,1.03,80.0,4.5,149.5,149.5,149.5,148.3,1.0,24.0
10,2504.0,1.02,80.0,4.5,150.0,150.4,149.6,149.1,1.0,23.98
20,2531.2,1.01,80.0,4.5,149.6,150.9,148.0,149.2,1.0,23.95
30,2560.6,1.0,80.0,4.5,150.1,152.8,149.9,149.7,1.0,23.93
40,2524.1,1.03,80.0,4.5,148.9,151.8,151.3,148.3,1.0,23.9
50,2531.6,1.03,80.1,4.5,150.7,150.4,149.0,150.0,1.0,23.88
60,2584.5,1.04,80.1,4.5,150.6,151.9,151.9,147.5,1.0,23.86
70,2571.7,1.04,80.1,4.49,150.0,150.4,151.3,149.2,1.0,23.83
80,2548.2,1.05,80.1,4.49,151.3,152.6,149.9,149.5,1.0,23.81
90,2581.0,1.03,80.1,4.49,151.6,151.5,150.7,150.5,1.0,23.78
100,2563.4,1.07,80.1,4.49,149.7,151.9,152.9,150.1,1.0,23.76
110,2570.8,1.05,80.1,4.49,150.5,153.1,152.0,149.0,1.0,23.74
120,2596.0,1.09,80.1,4.49,150.6,151.1,151.2,149.5,1.0,23.71
130,2549.6,1.04,80.2,4.49,150.5,151.1,151.0,150.5,1.0,23.69
140,2561.8,1.09,80.2,4.49,152.1,151.8,151.5,150.4,1.0,23.66
150,2598.3,1.06,80.2,4.49,151.3,153.2,150.9,150.1,1.0,23.64
160,2594.6,1.05,80.2,4.49,151.4,151.3,149.1,150.3,1.0,23.62
170,2635.2,1.06,80.2,4.49,150.1,150.3,154.1,151.4,1.0,23.59
180,2612.1,1.07,80.2,4.49,152.3,152.3,152.0,150.5,1.0,23.57
190,2607.0,1.08,80.2,4.48,150.9,153.2,152.4,151.0,1.0,23.54
200,2686.4,1.09,80.2,4.48,152.0,153.8,151.9,152.9,1.0,23.52
210,2651.6,1.07,80.3,4.48,152.3,152.6,151.2,150.1,1.0,23.5
220,2666.4,1.09,80.3,4.48,153.3,152.7,152.0,149.9,1.0,23.47
230,2636.5,1.13,80.3,4.48,151.2,154.1,150.4,152.1,1.0,23.45
240,2666.0,1.13,80.3,4.48,150.0,151.7,155.1,151.0,1.0,23.42
250,2689.8,1.11,80.3,4.48,152.6,153.0,151.0,151.4,1.0,23.4
260,2665.7,1.1,80.3,4.48,154.0,153.6,151.3,151.1,1.0,23.38
270,2711.3,1.11,80.3,4.48,153.7,153.9,152.2,151.7,1.0,23.35
280,2694.3,1.12,80.3,4.48,153.0,153.2,154.3,153.2,1.0,23.33
290,2709.4,1.1,80.3,4.48,152.5,153.7,152.9,152.7,1.0,23.3
300,2709.1,1.11,80.4,4.48,153.6,151.8,151.5,152.9,1.0,23.28
310,2777.9,1.09,80.4,4.48,152.3,153.3,154.6,151.2,1.0,23.26
320,2738.6,1.14,80.4,4.47,153.6,154.3,154.1,151.5,1.0,23.23
330,2719.9,1.14,80.4,4.47,153.7,153.3,153.9,150.2,1.0,23.21
340,2774.3,1.13,80.4,4.47,154.2,154.2,154.2,151.9,1.0,23.18
350,2730.6,1.17,80.4,4.47,155.7,154.6,156.3,153.5,1.0,23.16
360,2773.8,1.12,80.4,4.47,153.9,154.1,156.2,153.2,1.0,23.14
370,2726.9,1.12,80.4,4.47,153.3,154.6,152.8,152.7,1.0,23.11
380,2750.1,1.16,80.5,4.47,153.7,153.7,155.7,153.0,1.0,23.09
390,2795.6,1.18,80.5,4.47,152.4,154.4,154.3,152.6,1.0,23.06
400,2816.5,1.19,80.5,4.47,153.4,155.2,154.6,153.4,1.0,23.04
410,2809.6,1.15,80.5,4.47,153.7,154.9,152.0,153.9,1.0,23.02
420,2809.8,1.19,80.5,4.47,153.7,154.4,153.9,152.1,1.0,22.99
430,2812.5,1.17,80.5,4.47,154.4,155.1,153.3,153.8,1.0,22.97
440,2790.4,1.17,80.5,4.46,153.7,155.6,155.3,154.4,1.0,22.94
450,2816.7,1.2,80.5,4.46,155.3,153.5,155.7,153.4,1.0,22.92
460,2830.5,1.2,80.6,4.46,154.5,156.2,152.0,154.4,1.0,22.9
470,2875.7,1.15,80.6,4.46,154.6,155.0,154.6,156.2,1.0,22.87
480,2865.1,1.22,80.6,4.46,154.5,155.7,156.1,153.9,1.0,22.85
490,2819.8,1.22,80.6,4.46,154.9,156.5,154.6,154.4,1.0,22.82
500,2879.2,1.19,80.6,4.46,155.6,154.5,155.8,153.6,1.0,22.8
510,2868.7,1.21,80.6,4.46,154.3,155.1,155.4,154.5,1.0,22.78
520,2868.7,1.22,80.6,4.46,154.6,155.5,155.5,154.8,1.0,22.75
530,2908.2,1.21,80.6,4.46,154.9,155.2,154.9,154.7,1.0,22.73
540,2925.9,1.2,80.6,4.46,154.2,157.3,153.8,153.8,1.0,22.7
550,2930.6,1.2,80.7,4.46,154.7,155.3,154.0,154.9,1.0,22.68
560,2893.6,1.22,80.7,4.46,155.1,155.7,156.3,156.0,1.0,22.66
570,2914.0,1.25,80.7,4.45,156.3,156.4,155.6,155.3,1.0,22.63
580,2937.2,1.24,80.7,4.45,155.9,155.3,155.5,155.8,1.0,22.61
590,2960.5,1.23,80.7,4.45,155.9,156.0,155.2,154.9,1.0,22.58
600,2931.3,1.25,80.7,4.45,156.5,156.7,155.5,155.8,1.0,22.56
610,2945.8,1.18,80.7,4.45,155.8,156.3,157.2,155.6,1.0,22.54
620,2929.9,1.27,80.7,4.45,156.3,156.5,155.6,154.7,1.0,22.51
630,2934.8,1.21,80.8,4.45,156.0,156.3,154.5,155.8,1.0,22.49
640,2992.2,1.24,80.8,4.45,156.4,155.6,157.1,154.8,1.0,22.46
650,3012.9,1.23,80.8,4.45,155.8,157.1,156.1,155.2,1.0,22.44
660,2984.3,1.23,80.8,4.45,154.4,158.4,156.4,156.0,1.0,22.42
670,3018.2,1.29,80.8,4.45,156.4,157.1,158.4,156.1,1.0,22.39
680,3009.3,1.26,80.8,4.45,157.7,157.3,156.5,155.1,1.0,22.37
690,2991.2,1.28,80.8,4.44,157.4,157.8,157.0,156.9,1.0,22.34
700,3023.4,1.27,80.8,4.44,157.5,156.3,155.3,156.7,1.0,22.32
710,3059.8,1.29,80.9,4.44,157.8,158.7,156.6,155.7,1.0,22.3
720,3027.5,1.28,80.9,4.44,157.0,157.6,157.7,155.2,1.0,22.27
730,3074.5,1.26,80.9,4.44,157.2,158.9,155.1,156.4,1.0,22.25
740,2976.9,1.31,80.9,4.44,156.6,157.0,157.3,156.2,1.0,22.22
750,3070.0,1.28,80.9,4.44,156.9,159.2,157.3,156.8,1.0,22.2
760,3058.6,1.27,80.9,4.44,157.8,158.4,157.3,156.5,1.0,22.18
770,3055.9,1.29,80.9,4.44,158.3,158.3,158.6,155.3,1.0,22.15
780,3072.6,1.33,80.9,4.44,157.3,158.1,157.9,156.6,1.0,22.13
790,3027.5,1.32,80.9,4.44,157.2,157.8,159.3,156.8,1.0,22.1
800,3078.6,1.3,81.0,4.44,157.6,159.1,156.4,157.6,1.0,22.08
810,3100.0,1.31,81.0,4.44,158.2,158.3,157.9,156.7,1.0,22.06
820,3134.9,1.31,81.0,4.43,156.6,156.7,157.9,158.7,1.0,22.03
830,3091.8,1.36,81.0,4.43,156.0,157.5,156.6,155.9,1.0,22.01
840,3091.4,1.33,81.0,4.43,157.5,158.3,159.1,158.5,1.0,21.98
850,3105.9,1.34,81.0,4.43,157.1,158.8,160.8,157.4,1.0,21.96
860,3148.2,1.35,81.0,4.43,157.7,158.5,158.1,158.4,1.0,21.94
870,3140.3,1.34,81.0,4.43,158.1,159.6,158.8,157.8,1.0,21.91
880,3125.7,1.34,81.1,4.43,157.9,157.2,158.4,158.8,1.0,21.89
890,3158.5,1.34,81.1,4.43,159.5,158.9,157.5,157.6,1.0,21.86
900,3154.9,1.35,81.1,4.43,158.7,157.5,156.3,157.2,1.0,21.84
910,3183.4,1.35,81.1,4.43,158.8,159.6,157.7,159.3,1.0,21.82
920,3148.4,1.37,81.1,4.43,159.1,159.0,157.0,158.1,1.0,21.79
930,3164.4,1.36,81.1,4.43,157.8,159.5,160.8,158.5,1.0,21.77
940,3169.5,1.38,81.1,4.42,159.6,158.5,158.7,159.4,1.0,21.74
950,3149.4,1.36,81.1,4.42,158.8,160.3,158.5,157.6,1.0,21.72
960,3200.1,1.37,81.2,4.42,159.5,160.2,160.0,159.0,1.0,21.7
970,3205.8,1.33,81.2,4.42,158.2,159.9,157.7,158.2,1.0,21.67
980,3206.1,1.39,81.2,4.42,157.9,159.4,158.2,158.6,1.0,21.65
990,3206.7,1.39,81.2,4.42,159.9,160.0,159.3,158.9,1.0,21.62
1000,3183.8,1.4,81.2,4.42,159.6,159.1,160.5,157.7,1.0,21.6
1010,3215.2,1.33,81.2,4.42,158.6,160.4,160.0,158.4,1.0,21.58
1020,3223.7,1.43,81.2,4.42,158.7,161.1,159.7,160.1,1.0,21.55
1030,3218.7,1.39,81.2,4.42,160.4,160.7,159.6,159.9,1.0,21.53
1040,3241.3,1.42,81.2,4.42,158.6,159.4,160.1,159.2,1.0,21.5
1050,3261.9,1.38,81.3,4.42,161.0,160.3,159.9,159.5,1.0,21.48
1060,3305.5,1.42,81.3,4.42,159.0,159.1,158.5,159.2,1.0,21.46
1070,3269.1,1.39,81.3,4.41,160.3,160.6,159.9,160.6,1.0,21.43
1080,3277.6,1.4,81.3,4.41,159.6,160.6,158.6,159.4,1.0,21.41
1090,3275.8,1.45,81.3,4.41,160.4,158.8,160.1,159.8,1.0,21.38
1100,3236.1,1.41,81.3,4.41,159.6,159.4,159.5,160.6,1.0,21.36
1110,3289.8,1.43,81.3,4.41,160.0,160.2,163.2,159.2,1.0,21.34
1120,3298.3,1.44,81.3,4.41,160.2,160.3,160.1,161.1,1.0,21.31
1130,3364.7,1.44,81.4,4.41,159.5,159.6,158.6,158.7,1.0,21.29
1140,3304.6,1.43,81.4,4.41,160.9,161.0,160.2,161.3,1.0,21.26
1150,3323.3,1.44,81.4,4.41,160.0,160.9,161.0,159.8,1.0,21.24
1160,3321.2,1.49,81.4,4.41,160.3,160.6,162.5,160.0,1.0,21.22
1170,3299.1,1.44,81.4,4.41,159.8,160.2,159.8,158.7,1.0,21.19
1180,3363.1,1.45,81.4,4.41,158.6,161.8,158.7,160.0,1.0,21.17
1190,3359.6,1.47,81.4,4.4,160.5,162.3,161.7,159.6,1.0,21.14
1200,3366.7,1.47,81.4,4.4,162.7,160.7,159.1,160.0,1.0,21.12
1210,3330.4,1.48,81.5,4.4,161.5,160.6,160.3,160.4,1.0,21.1
1220,3394.4,1.47,81.5,4.4,160.9,161.6,160.6,161.4,1.0,21.07
1230,3330.4,1.44,81.5,4.4,160.8,160.9,160.9,160.9,1.0,21.05
1240,3386.2,1.5,81.5,4.4,161.1,161.2,161.9,161.0,1.0,21.02
1250,3432.4,1.45,81.5,4.4,161.5,162.0,160.3,160.0,1.0,21.0
1260,3359.0,1.48,81.5,4.4,160.2,159.9,160.8,160.2,1.0,20.98
1270,3375.6,1.46,81.5,4.4,162.1,162.5,161.2,162.4,1.0,20.95
1280,3398.3,1.48,81.5,4.4,161.9,161.6,161.5,160.5,1.0,20.93
1290,3389.2,1.49,81.5,4.4,161.9,161.3,161.5,162.5,1.0,20.9
1300,3369.0,1.49,81.6,4.4,161.8,161.6,162.0,161.0,1.0,20.88
1310,3415.5,1.5,81.6,4.4,161.5,161.7,162.5,161.3,1.0,20.86
1320,3393.1,1.52,81.6,4.39,162.1,160.4,162.0,162.2,1.0,20.83
1330,3437.4,1.5,81.6,4.39,162.1,163.0,162.2,162.4,1.0,20.81
1340,3408.5,1.49,81.6,4.39,161.4,161.9,159.8,161.4,1.0,20.78
1350,3476.1,1.52,81.6,4.39,161.3,162.3,161.8,161.2,1.0,20.76
1360,3423.6,1.53,81.6,4.39,161.9,162.8,162.4,161.6,1.0,20.74
1370,3441.0,1.48,81.6,4.39,163.1,161.3,162.7,161.9,1.0,20.71
1380,3475.1,1.52,81.7,4.39,160.9,162.5,161.1,162.4,1.0,20.69
1390,3429.8,1.53,81.7,4.39,160.8,162.0,161.2,161.8,1.0,20.66
1400,3472.0,1.51,81.7,4.39,162.2,162.9,161.4,162.4,1.0,20.64
1410,3504.7,1.55,81.7,4.39,162.2,160.6,162.8,163.2,1.0,20.62
1420,3437.6,1.52,81.7,4.39,162.3,162.3,163.4,162.3,1.0,20.59
1430,3488.0,1.53,81.7,4.39,162.4,161.9,161.7,162.3,1.0,20.57
1440,3495.6,1.52,81.7,4.38,162.1,162.8,163.4,160.9,1.0,20.54
1450,3514.2,1.53,81.7,4.38,163.5,162.9,162.5,160.1,1.0,20.52
1460,3469.4,1.51,81.8,4.38,161.1,162.0,162.3,162.5,1.0,20.5
1470,3472.9,1.51,81.8,4.38,161.8,162.1,162.2,162.2,1.0,20.47
1480,3524.5,1.57,81.8,4.38,162.4,162.6,163.4,161.9,1.0,20.45
1490,3524.4,1.53,81.8,4.38,161.3,162.0,163.0,162.6,1.0,20.42
1500,3528.7,1.53,81.8,4.38,162.5,163.5,165.4,162.4,1.0,20.4
1510,3536.6,1.51,81.8,4.38,164.0,162.5,161.7,163.4,1.0,20.38
1520,3516.4,1.54,81.8,4.38,162.7,160.6,163.4,162.6,1.0,20.35
1530,3544.6,1.53,81.8,4.38,163.0,162.6,162.1,162.0,1.0,20.33
1540,3551.5,1.59,81.8,4.38,161.8,162.1,161.8,163.5,1.0,20.3
1550,3531.7,1.58,81.9,4.38,162.4,161.7,162.9,162.6,1.0,20.28
1560,3601.6,1.55,81.9,4.38,162.6,162.1,163.1,163.2,1.0,20.26
1570,3572.1,1.61,81.9,4.37,162.7,163.2,166.5,162.5,1.0,20.23
1580,3535.7,1.59,81.9,4.37,164.1,164.2,162.8,162.4,1.0,20.21
1590,3587.2,1.56,81.9,4.37,163.5,163.5,161.7,163.0,1.0,20.18
1600,3551.7,1.52,81.9,4.37,162.2,162.8,163.5,163.0,1.0,20.16
1610,3600.9,1.62,81.9,4.37,163.4,163.7,160.7,163.4,1.0,20.14
1620,3615.4,1.55,81.9,4.37,163.6,163.0,163.1,162.9,1.0,20.11
1630,3571.1,1.55,82.0,4.37,164.2,162.8,163.3,161.7,1.0,20.09
1640,3620.8,1.61,82.0,4.37,164.6,162.5,164.3,162.9,1.0,20.06
1650,3612.1,1.64,82.0,4.37,162.6,162.1,164.5,163.9,1.0,20.04
1660,3627.4,1.62,82.0,4.37,162.8,163.2,162.8,163.1,1.0,20.02
1670,3659.4,1.6,82.0,4.37,162.5,163.7,163.3,163.2,1.0,19.99
1680,3610.8,1.61,82.0,4.37,163.3,163.5,162.6,164.2,1.0,19.97
1690,3603.1,1.62,82.0,4.36,163.9,163.3,162.2,162.9,1.0,19.94
1700,3604.7,1.62,82.0,4.36,164.4,162.9,164.0,162.3,1.0,19.92
1710,3611.5,1.61,82.1,4.36,163.6,164.2,162.1,163.4,1.0,19.9
1720,3634.8,1.61,82.1,4.36,163.4,162.7,163.2,163.2,1.0,19.87
1730,3650.2,1.61,82.1,4.36,163.8,164.4,162.5,162.9,1.0,19.85
1740,3653.4,1.6,82.1,4.36,163.1,163.0,164.4,163.5,1.0,19.82
1750,3672.0,1.61,82.1,4.36,165.5,163.3,166.0,164.1,1.0,19.8
1760,3656.4,1.58,82.1,4.36,162.5,162.7,162.3,163.7,1.0,19.78
1770,3697.2,1.62,82.1,4.36,164.0,163.5,161.6,164.0,1.0,19.75
1780,3659.0,1.6,82.1,4.36,165.5,164.8,163.8,165.3,1.0,19.73
1790,3738.3,1.6,82.1,4.36,163.9,164.4,164.0,163.6,1.0,19.7
1800,3690.6,1.63,82.2,4.36,163.8,164.8,164.2,164.1,1.0,19.68
1810,3658.2,1.66,82.2,4.36,163.7,164.5,163.5,163.5,1.0,19.66
1820,3657.5,1.65,82.2,4.35,163.9,163.2,163.8,163.3,1.0,19.63
1830,3700.9,1.6,82.2,4.35,165.2,163.9,164.5,163.6,1.0,19.61
1840,3687.8,1.62,82.2,4.35,162.4,163.6,165.4,163.7,1.0,19.58
1850,3715.8,1.66,82.2,4.35,165.4,165.3,161.8,164.4,1.0,19.56
1860,3714.3,1.62,82.2,4.35,163.0,163.3,163.7,166.0,1.0,19.54
1870,3705.1,1.64,82.2,4.35,164.0,165.0,164.5,163.6,1.0,19.51
1880,3690.2,1.66,82.3,4.35,163.9,165.0,163.1,163.9,1.0,19.49
1890,3677.9,1.63,82.3,4.35,164.8,165.8,166.4,164.2,1.0,19.46
1900,3709.0,1.65,82.3,4.35,163.0,164.0,163.5,164.6,1.0,19.44
1910,3745.9,1.63,82.3,4.35,164.7,165.0,164.3,164.5,1.0,19.42
1920,3734.1,1.64,82.3,4.35,166.0,166.2,165.0,165.4,1.0,19.39
1930,3701.9,1.66,82.3,4.35,163.3,163.9,163.7,162.4,1.0,19.37
1940,3741.7,1.63,82.3,4.34,164.6,163.2,162.2,162.5,1.0,19.34
1950,3751.2,1.67,82.3,4.34,163.9,163.0,163.9,164.0,1.0,19.32
1960,3723.6,1.66,82.4,4.34,164.8,165.1,165.7,165.3,1.0,19.3
1970,3753.8,1.68,82.4,4.34,164.5,163.0,164.1,163.2,1.0,19.27
1980,3755.5,1.67,82.4,4.34,164.0,164.3,163.5,162.1,1.0,19.25
1990,3729.6,1.7,82.4,4.34,164.9,164.9,165.7,165.0,1.0,19.22
2000,3771.2,1.68,82.4,4.34,166.0,164.8,164.2,164.7,1.0,19.2
2010,3780.3,1.67,82.4,4.34,164.4,165.0,164.0,163.7,1.0,19.18
2020,3797.3,1.68,82.4,4.34,165.2,164.8,164.8,163.8,1.0,19.15
2030,3800.6,1.69,82.4,4.34,163.6,165.7,165.6,163.8,1.0,19.13
2040,3743.7,1.68,82.4,4.34,163.9,163.9,167.5,164.7,1.0,19.1
2050,3758.6,1.68,82.5,4.34,165.1,164.2,165.7,164.2,1.0,19.08
2060,3798.8,1.67,82.5,4.34,165.9,164.1,166.1,165.1,1.0,19.06
2070,3802.6,1.67,82.5,4.33,165.0,165.4,164.1,162.4,1.0,19.03
2080,3806.5,1.66,82.5,4.33,164.5,165.5,163.5,164.0,1.0,19.01
2090,3893.7,1.73,82.5,4.33,164.8,165.1,164.8,163.8,1.0,18.98
2100,3815.4,1.67,82.5,4.33,163.8,165.7,164.9,164.6,1.0,18.96
2110,3833.2,1.68,82.5,4.33,165.3,163.9,163.5,164.4,1.0,18.94
2120,3832.4,1.68,82.5,4.33,165.5,166.2,164.6,165.4,1.0,18.91
2130,3828.5,1.72,82.6,4.33,164.5,166.1,165.3,163.3,1.0,18.89
2140,3807.9,1.7,82.6,4.33,164.5,165.4,165.3,164.9,1.0,18.86
2150,3838.4,1.73,82.6,4.33,165.1,166.3,165.5,165.3,1.0,18.84
2160,3803.6,1.69,82.6,4.33,164.5,163.6,165.2,166.3,1.0,18.82
2170,3820.5,1.71,82.6,4.33,164.8,164.5,164.3,164.5,1.0,18.79
2180,3817.8,1.69,82.6,4.33,166.6,164.3,164.3,165.1,1.0,18.77
2190,3835.4,1.75,82.6,4.32,164.7,165.5,163.5,163.5,1.0,18.74
2200,3894.7,1.69,82.6,4.32,164.6,164.1,167.1,163.0,1.0,18.72
2210,3793.5,1.72,82.7,4.32,164.4,165.5,164.9,165.6,1.0,18.7
2220,3860.7,1.73,82.7,4.32,165.5,166.0,164.7,164.9,1.0,18.67
2230,3806.5,1.73,82.7,4.32,164.8,165.5,163.8,165.9,1.0,18.65
2240,3838.4,1.72,82.7,4.32,164.4,165.2,168.5,163.9,1.0,18.62
2250,3880.6,1.72,82.7,4.32,166.0,164.2,163.7,165.4,1.0,18.6
2260,3858.2,1.72,82.7,4.32,166.1,164.3,164.5,166.5,1.0,18.58
2270,3832.9,1.72,82.7,4.32,164.5,166.0,165.5,165.3,1.0,18.55
2280,3845.1,1.75,82.7,4.32,163.5,165.6,165.7,165.2,1.0,18.53
2290,3883.1,1.77,82.7,4.32,165.8,165.0,166.1,165.0,1.0,18.5
2300,3850.9,1.72,82.8,4.32,164.4,164.7,167.2,163.7,1.0,18.48
2310,3877.6,1.7,82.8,4.32,165.6,163.4,165.6,166.1,1.0,18.46
2320,3876.3,1.73,82.8,4.31,163.4,164.1,163.7,164.5,1.0,18.43
2330,3861.9,1.79,82.8,4.31,165.7,166.5,164.7,165.4,1.0,18.41
2340,3934.7,1.72,82.8,4.31,164.0,164.0,165.4,163.7,1.0,18.38
2350,3899.9,1.77,82.8,4.31,165.6,165.2,167.5,164.1,1.0,18.36
2360,3836.3,1.77,82.8,4.31,165.0,165.8,163.3,166.1,1.0,18.34
2370,3894.4,1.73,82.8,4.31,164.2,164.0,166.4,164.7,1.0,18.31
2380,3876.0,1.75,82.9,4.31,164.7,165.1,165.2,166.2,1.0,18.29
2390,3916.6,1.78,82.9,4.31,165.5,165.7,166.0,164.9,1.0,18.26
2400,3878.2,1.74,82.9,4.31,165.1,165.0,164.9,163.5,1.0,18.24
2410,3897.9,1.74,82.9,4.31,165.5,167.3,164.0,165.7,1.0,18.22
2420,3916.0,1.74,82.9,4.31,166.6,163.7,165.9,164.5,1.0,18.19
2430,3927.7,1.73,82.9,4.31,163.7,165.8,165.8,165.5,1.0,18.17
2440,3878.6,1.74,82.9,4.3,166.3,164.8,166.1,165.0,1.0,18.14
2450,3902.8,1.73,82.9,4.3,165.1,165.6,165.0,163.7,1.0,18.12
2460,3901.9,1.75,83.0,4.3,164.2,165.3,164.2,165.1,1.0,18.1
2470,3899.9,1.74,83.0,4.3,163.9,164.4,163.1,166.7,1.0,18.07
2480,3962.8,1.76,83.0,4.3,164.8,165.1,165.9,165.3,1.0,18.05
2490,3931.2,1.73,83.0,4.3,165.7,163.5,165.4,164.9,1.0,18.02
2500,3892.0,1.77,83.0,4.3,164.8,165.4,163.8,165.8,1.0,18.0
2510,3948.8,1.78,83.0,4.3,166.1,165.2,164.3,165.1,1.0,17.98
2520,3981.2,1.72,83.0,4.3,163.7,165.4,164.4,165.1,1.0,17.95
2530,3956.2,1.77,83.0,4.3,164.9,165.8,163.1,164.0,1.0,17.93
2540,3894.7,1.79,83.0,4.3,163.9,165.2,163.9,165.1,1.0,17.9
2550,3922.7,1.74,83.1,4.3,165.2,165.0,163.5,165.7,1.0,17.88
2560,3968.7,1.8,83.1,4.3,165.6,164.2,164.4,164.2,1.0,17.86
2570,3921.5,1.78,83.1,4.29,164.5,164.3,164.0,166.0,1.0,17.83
2580,3952.3,1.75,83.1,4.29,162.7,165.8,162.9,164.7,1.0,17.81
2590,3962.7,1.77,83.1,4.29,165.0,166.0,167.2,164.1,1.0,17.78
2600,3922.2,1.78,83.1,4.29,165.2,164.6,166.3,165.6,1.0,17.76
2610,3945.8,1.77,83.1,4.29,165.1,164.8,163.9,164.5,1.0,17.74
2620,3868.2,1.78,83.1,4.29,165.8,164.1,165.1,165.4,1.0,17.71
2630,3925.6,1.76,83.2,4.29,163.9,165.7,165.3,164.5,1.0,17.69
2640,3946.8,1.78,83.2,4.29,165.3,165.3,166.2,164.7,1.0,17.66
2650,3923.7,1.75,83.2,4.29,165.7,166.3,163.7,165.1,1.0,17.64
2660,3997.5,1.77,83.2,4.29,163.3,164.0,166.0,164.9,1.0,17.62
2670,3922.7,1.76,83.2,4.29,164.9,164.4,164.0,163.1,1.0,17.59
2680,3949.2,1.76,83.2,4.29,164.2,164.9,163.0,163.7,1.0,17.57
2690,3965.2,1.8,83.2,4.28,164.6,165.2,165.5,165.3,1.0,17.54
2700,3999.6,1.8,83.2,4.28,164.9,164.5,166.2,164.5,1.0,17.52
2710,3929.3,1.79,83.3,4.28,164.2,163.9,167.7,164.1,1.0,17.5
2720,3995.9,1.76,83.3,4.28,164.0,165.3,163.1,163.4,1.0,17.47
2730,3968.6,1.78,83.3,4.28,164.6,165.1,165.4,163.6,1.0,17.45
2740,3945.3,1.81,83.3,4.28,163.6,163.8,164.0,162.9,1.0,17.42
2750,3982.9,1.79,83.3,4.28,163.6,165.6,165.4,164.4,1.0,17.4
2760,3977.8,1.83,83.3,4.28,165.0,165.4,162.7,163.9,1.0,17.38
2770,3959.2,1.79,83.3,4.28,163.5,164.6,162.9,163.6,1.0,17.35
2780,3977.3,1.79,83.3,4.28,164.9,164.5,163.5,164.3,1.0,17.33
2790,3967.2,1.78,83.3,4.28,164.7,164.9,164.5,164.6,1.0,17.3
2800,3981.0,1.79,83.4,4.28,163.0,163.7,163.6,166.0,1.0,17.28
2810,3996.0,1.79,83.4,4.28,163.8,164.4,165.1,163.1,1.0,17.26
2820,4020.3,1.8,83.4,4.27,165.2,162.6,165.5,165.2,1.0,17.23
2830,3950.9,1.81,83.4,4.27,163.5,165.0,165.0,165.0,1.0,17.21
2840,4036.3,1.78,83.4,4.27,163.9,163.0,166.2,163.6,1.0,17.18
2850,3935.3,1.76,83.4,4.27,164.6,165.5,164.7,164.3,1.0,17.16
2860,3981.4,1.76,83.4,4.27,164.8,164.0,162.7,163.7,1.0,17.14
2870,4000.9,1.8,83.4,4.27,163.9,164.0,165.8,164.2,1.0,17.11
2880,3994.2,1.77,83.5,4.27,163.6,163.7,163.4,165.2,1.0,17.09
2890,3972.6,1.75,83.5,4.27,165.2,163.9,165.2,164.5,1.0,17.06
2900,3983.9,1.8,83.5,4.27,165.4,165.2,165.9,164.4,1.0,17.04
2910,3977.6,1.84,83.5,4.27,164.8,162.1,164.5,163.6,1.0,17.02
2920,3976.1,1.79,83.5,4.27,164.0,165.0,162.2,162.7,1.0,16.99
2930,4012.9,1.81,83.5,4.27,163.3,164.3,162.8,163.7,1.0,16.97
2940,4001.3,1.8,83.5,4.26,163.2,163.0,165.5,164.8,1.0,16.94
2950,3975.8,1.79,83.5,4.26,164.3,163.1,163.6,162.5,1.0,16.92
2960,4016.3,1.82,83.6,4.26,164.1,165.2,163.9,162.9,1.0,16.9
2970,4002.2,1.79,83.6,4.26,164.9,163.1,164.7,163.8,1.0,16.87
2980,4015.4,1.8,83.6,4.26,164.2,162.9,164.6,162.8,1.0,16.85
2990,4011.4,1.8,83.6,4.26,162.5,164.7,164.0,163.0,1.0,16.82
3000,3975.5,1.78,83.6,4.26,164.5,164.0,163.4,163.2,1.0,16.8
3010,3982.7,1.82,83.6,4.26,162.8,162.9,163.2,162.4,1.0,16.78
3020,4015.9,1.8,83.6,4.26,163.2,163.8,164.6,162.7,1.0,16.75
3030,4012.9,1.78,83.6,4.26,163.7,162.8,164.2,164.0,1.0,16.73
3040,3997.5,1.81,83.6,4.26,165.1,164.5,163.2,162.3,1.0,16.7
3050,4001.4,1.78,83.7,4.26,165.9,164.4,164.7,162.0,1.0,16.68
3060,4030.7,1.8,83.7,4.26,163.9,163.9,163.2,162.8,1.0,16.66
3070,3984.2,1.8,83.7,4.25,163.2,163.7,162.3,163.8,1.0,16.63
3080,4013.0,1.82,83.7,4.25,163.7,164.8,162.4,163.0,1.0,16.61
3090,3994.4,1.81,83.7,4.25,164.0,163.4,162.1,162.8,1.0,16.58
3100,3994.2,1.8,83.7,4.25,162.9,162.4,162.9,163.1,1.0,16.56
3110,4027.3,1.82,83.7,4.25,164.6,163.6,164.6,161.6,1.0,16.54
3120,4020.5,1.83,83.7,4.25,163.3,164.9,162.1,163.4,1.0,16.51
3130,4020.3,1.81,83.8,4.25,163.4,162.4,163.3,163.2,1.0,16.49
3140,4032.6,1.8,83.8,4.25,163.5,162.8,162.2,162.5,1.0,16.46
3150,4000.5,1.77,83.8,4.25,163.3,163.4,162.6,163.6,1.0,16.44
3160,4017.0,1.78,83.8,4.25,163.6,163.0,161.1,161.9,1.0,16.42
3170,3992.1,1.79,83.8,4.25,162.4,162.2,162.6,163.6,1.0,16.39
3180,4007.8,1.79,83.8,4.25,162.3,163.8,162.6,162.8,1.0,16.37
3190,3996.3,1.8,83.8,4.24,161.9,164.7,163.4,162.3,1.0,16.34
3200,4001.8,1.8,83.8,4.24,163.0,163.0,163.0,162.5,1.0,16.32
3210,4014.0,1.81,83.9,4.24,163.3,162.1,161.2,162.4,1.0,16.3
3220,3978.4,1.8,83.9,4.24,162.9,161.5,163.9,163.4,1.0,16.27
3230,4050.8,1.81,83.9,4.24,163.9,162.9,162.8,161.5,1.0,16.25
3240,3973.0,1.8,83.9,4.24,162.5,163.5,162.7,161.7,1.0,16.22
3250,3967.4,1.76,83.9,4.24,162.9,163.0,162.4,163.1,1.0,16.2
3260,4026.3,1.78,83.9,4.24,161.5,162.5,161.7,161.7,1.0,16.18
3270,4016.7,1.8,83.9,4.24,162.0,162.0,162.6,162.8,1.0,16.15
3280,4012.0,1.77,83.9,4.24,162.8,161.6,162.8,163.4,1.0,16.13
3290,4011.6,1.81,83.9,4.24,162.9,163.0,160.1,161.7,1.0,16.1
3300,3995.0,1.83,84.0,4.24,161.9,163.0,161.5,162.5,1.0,16.08
3310,3972.3,1.82,84.0,4.24,162.0,161.0,161.8,160.9,1.0,16.06
3320,3995.9,1.79,84.0,4.23,160.8,163.5,162.3,162.4,1.0,16.03
3330,3976.4,1.83,84.0,4.23,161.7,162.6,163.4,161.9,1.0,16.01
3340,4017.0,1.8,84.0,4.23,162.6,163.2,161.0,162.1,1.0,15.98
3350,3988.2,1.79,84.0,4.23,162.3,161.0,161.2,161.1,1.0,15.96
3360,3970.4,1.78,84.0,4.23,162.2,160.9,161.1,160.2,1.0,15.94
3370,3982.2,1.79,84.0,4.23,161.7,161.8,160.7,161.9,1.0,15.91
3380,3999.7,1.79,84.1,4.23,161.6,162.3,161.2,159.8,1.0,15.89
3390,3974.4,1.8,84.1,4.23,161.0,163.2,162.5,161.1,1.0,15.86
3400,3966.9,1.8,84.1,4.23,162.1,162.3,160.2,162.0,1.0,15.84
3410,3992.6,1.79,84.1,4.23,161.8,161.5,162.0,161.4,1.0,15.82
3420,3991.6,1.8,84.1,4.23,161.8,160.8,159.3,162.7,1.0,15.79
3430,3971.8,1.82,84.1,4.23,160.9,162.5,160.6,161.9,1.0,15.77
3440,3971.6,1.81,84.1,4.22,159.5,160.7,160.9,160.5,1.0,15.74
3450,3988.0,1.76,84.1,4.22,162.1,162.7,163.2,161.0,1.0,15.72
3460,3944.8,1.74,84.2,4.22,160.7,161.1,160.8,160.8,1.0,15.7
3470,3944.6,1.81,84.2,4.22,160.4,162.6,158.4,159.5,1.0,15.67
3480,3960.6,1.76,84.2,4.22,161.5,161.8,158.6,160.0,1.0,15.65
3490,3972.0,1.78,84.2,4.22,160.6,161.1,161.0,160.2,1.0,15.62
3500,3983.8,1.76,84.2,4.22,161.7,160.7,161.6,158.9,1.0,15.6
3510,4011.5,1.75,84.2,4.22,161.3,160.8,161.2,160.5,1.0,15.58
3520,3994.7,1.8,84.2,4.22,161.3,161.3,160.9,160.2,1.0,15.55
3530,3967.8,1.8,84.2,4.22,159.5,161.0,162.0,159.0,1.0,15.53
3540,3969.9,1.77,84.2,4.22,161.5,160.4,159.9,160.6,1.0,15.5
3550,3943.8,1.73,84.3,4.22,160.7,160.7,161.6,160.8,1.0,15.48
3560,3966.8,1.77,84.3,4.22,160.1,160.8,158.5,160.3,1.0,15.46
3570,3958.5,1.79,84.3,4.21,160.5,159.0,159.3,159.8,1.0,15.43
3580,3972.2,1.75,84.3,4.21,158.9,161.0,158.1,160.4,1.0,15.41
3590,3941.8,1.78,84.3,4.21,160.5,159.7,159.9,160.4,1.0,15.38
3600,3973.8,1.78,84.3,4.21,159.3,159.5,160.1,160.1,1.0,15.36
3610,3997.4,1.79,84.3,4.21,159.0,159.0,160.2,159.1,1.0,15.34
3620,3954.6,1.78,84.3,4.21,158.8,158.9,160.1,159.9,1.0,15.31
3630,3965.5,1.76,84.4,4.21,160.8,159.2,158.8,160.5,1.0,15.29
3640,3970.9,1.8,84.4,4.21,159.3,159.6,159.6,159.0,1.0,15.26
3650,3941.8,1.77,84.4,4.21,161.0,161.7,158.0,161.1,1.0,15.24
3660,3955.5,1.77,84.4,4.21,159.3,159.6,161.3,158.9,1.0,15.22
3670,3948.3,1.75,84.4,4.21,158.2,160.1,159.2,159.3,1.0,15.19
3680,3948.4,1.76,84.4,4.21,158.6,160.2,158.9,158.6,1.0,15.17
3690,3924.6,1.75,84.4,4.2,160.4,159.9,161.4,159.3,1.0,15.14
3700,3942.5,1.77,84.4,4.2,159.2,159.7,157.9,157.6,1.0,15.12
3710,3952.3,1.8,84.5,4.2,158.9,158.7,157.9,158.5,1.0,15.1
3720,3974.0,1.74,84.5,4.2,159.3,160.8,157.9,158.0,1.0,15.07
3730,3959.5,1.73,84.5,4.2,159.5,161.0,159.1,158.9,1.0,15.05
3740,3987.2,1.79,84.5,4.2,160.0,158.1,159.6,159.5,1.0,15.02
3750,3911.9,1.76,84.5,4.2,160.1,158.6,159.9,159.1,1.0,15.0
3760,3950.7,1.75,84.5,4.2,158.6,159.1,162.0,156.6,1.0,14.98
3770,3931.1,1.78,84.5,4.2,157.8,158.5,156.1,160.0,1.0,14.95
3780,3979.0,1.75,84.5,4.2,158.4,159.6,159.5,158.6,1.0,14.93
3790,3901.6,1.79,84.5,4.2,158.9,158.5,158.0,157.6,1.0,14.9
3800,3898.5,1.77,84.6,4.2,157.8,160.7,157.9,158.3,1.0,14.88
3810,3902.0,1.75,84.6,4.2,157.7,159.9,157.7,158.2,1.0,14.86
3820,3861.4,1.8,84.6,4.19,158.7,159.0,157.3,157.4,1.0,14.83
3830,3898.9,1.74,84.6,4.19,158.3,159.6,160.3,158.0,1.0,14.81
3840,3890.5,1.77,84.6,4.19,158.3,159.6,159.3,157.3,1.0,14.78
3850,3910.6,1.76,84.6,4.19,157.5,158.2,158.2,157.4,1.0,14.76
3860,3912.8,1.77,84.6,4.19,157.9,157.9,159.7,157.1,1.0,14.74
3870,3948.5,1.78,84.6,4.19,157.2,158.5,156.2,156.4,1.0,14.71
3880,3922.7,1.75,84.7,4.19,158.6,159.1,156.3,157.5,1.0,14.69
3890,3881.8,1.73,84.7,4.19,158.6,158.4,155.2,157.8,1.0,14.66
3900,3871.0,1.75,84.7,4.19,156.3,157.0,156.9,157.7,1.0,14.64
3910,3902.9,1.73,84.7,4.19,156.9,157.5,157.8,157.8,1.0,14.62
3920,3854.8,1.78,84.7,4.19,156.4,158.0,157.7,157.3,1.0,14.59
3930,3930.7,1.74,84.7,4.19,157.0,157.9,157.7,156.5,1.0,14.57
3940,3911.5,1.73,84.7,4.18,157.3,159.5,155.7,157.6,1.0,14.54
3950,3867.4,1.74,84.7,4.18,156.1,156.7,158.3,155.7,1.0,14.52
3960,3833.3,1.71,84.8,4.18,156.5,158.1,157.5,156.0,1.0,14.5
3970,3907.0,1.71,84.8,4.18,156.3,158.8,158.0,155.8,1.0,14.47
3980,3867.3,1.75,84.8,4.18,157.2,159.4,154.8,157.4,1.0,14.45
3990,3898.0,1.72,84.8,4.18,157.0,157.2,157.3,157.2,1.0,14.42
4000,3824.1,1.71,84.8,4.18,156.3,157.8,155.4,156.7,1.0,14.4
4010,3845.8,1.74,84.8,4.18,156.9,157.8,156.3,157.1,1.0,14.38
4020,3857.8,1.75,84.8,4.18,156.2,157.4,157.3,155.4,1.0,14.35
4030,3855.6,1.74,84.8,4.18,156.4,157.1,156.7,156.3,1.0,14.33
4040,3839.9,1.74,84.9,4.18,157.8,157.4,155.5,155.8,1.0,14.3
4050,3863.5,1.7,84.9,4.18,157.5,155.0,156.4,156.5,0.9999,14.28
4060,3817.9,1.69,84.9,4.18,155.3,157.4,154.5,155.6,0.9999,14.26
4070,3837.7,1.75,84.9,4.17,156.9,156.9,157.6,155.3,0.9999,14.23
4080,3840.9,1.71,84.9,4.17,156.8,156.6,155.9,156.0,0.9998,14.21
4090,3847.3,1.71,85.0,4.17,155.1,158.3,157.4,156.2,0.9998,14.18
4100,3848.8,1.74,85.0,4.17,156.6,156.0,155.4,154.8,0.9997,14.16
4110,3799.5,1.72,85.0,4.17,157.1,156.1,155.3,155.2,0.9997,14.14
4120,3785.7,1.72,85.0,4.17,154.9,158.0,154.9,154.3,0.9996,14.11
4130,3852.5,1.75,85.0,4.17,154.9,155.6,156.8,153.1,0.9995,14.09
4140,3825.3,1.69,85.1,4.17,156.4,155.8,154.8,155.1,0.9995,14.06
4150,3794.6,1.72,85.1,4.17,155.7,156.0,156.3,155.3,0.9994,14.04
4160,3848.5,1.7,85.1,4.17,155.8,156.7,155.0,155.0,0.9993,14.02
4170,3808.9,1.7,85.1,4.16,155.6,156.1,153.0,153.1,0.9992,13.99
4180,3831.8,1.73,85.2,4.16,155.5,154.8,154.6,154.3,0.9991,13.97
4190,3800.3,1.7,85.2,4.16,154.1,155.4,153.8,152.7,0.999,13.94
4200,3846.3,1.7,85.2,4.16,155.9,155.2,155.2,155.5,0.9989,13.92
4210,3834.9,1.71,85.2,4.16,155.9,155.5,153.7,153.4,0.9988,13.9
4220,3781.0,1.68,85.3,4.16,154.7,155.9,156.1,155.2,0.9987,13.87
4230,3807.6,1.67,85.3,4.16,154.7,155.8,154.8,154.8,0.9985,13.85
4240,3795.5,1.66,85.3,4.16,153.4,153.9,154.6,153.2,0.9984,13.82
4250,3809.7,1.64,85.3,4.16,155.0,156.1,155.6,152.9,0.9983,13.8
4260,3747.4,1.72,85.4,4.16,154.9,155.4,155.9,154.0,0.9981,13.78
4270,3784.7,1.65,85.4,4.15,154.3,156.2,154.6,153.0,0.998,13.75
4280,3790.0,1.67,85.4,4.15,155.2,155.3,153.6,153.6,0.9978,13.73
4290,3715.5,1.67,85.4,4.15,153.9,155.8,152.3,153.1,0.9977,13.7
4300,3725.8,1.68,85.5,4.15,154.5,155.2,153.6,151.9,0.9975,13.68
4310,3700.2,1.68,85.5,4.15,153.2,155.8,153.6,151.5,0.9973,13.66
4320,3740.3,1.68,85.5,4.15,153.9,155.0,154.4,153.3,0.9972,13.63
4330,3760.8,1.65,85.6,4.15,153.6,154.5,153.8,152.6,0.997,13.61
4340,3776.2,1.66,85.6,4.15,153.9,156.3,154.9,152.5,0.9968,13.58
4350,3736.3,1.66,85.6,4.15,153.3,155.1,153.3,153.4,0.9966,13.56
4360,3770.9,1.65,85.6,4.14,153.4,154.7,153.9,153.7,0.9964,13.54
4370,3691.3,1.69,85.7,4.14,154.1,153.1,155.3,152.4,0.9962,13.51
4380,3678.9,1.66,85.7,4.14,152.9,153.0,154.2,152.2,0.996,13.49
4390,3715.8,1.66,85.7,4.14,151.9,154.2,153.7,152.8,0.9958,13.46
4400,3722.3,1.66,85.8,4.14,154.5,154.0,153.0,151.2,0.9956,13.44
4410,3707.5,1.67,85.8,4.14,154.1,153.3,152.9,152.4,0.9953,13.42
4420,3652.2,1.65,85.8,4.14,151.9,153.8,152.5,152.5,0.9951,13.39
4430,3697.1,1.61,85.9,4.14,153.4,154.9,152.8,152.5,0.9949,13.37
4440,3662.2,1.65,85.9,4.14,152.3,154.1,154.3,150.3,0.9946,13.34
4450,3707.0,1.62,85.9,4.13,152.8,152.5,153.1,151.2,0.9944,13.32
4460,3694.9,1.62,85.9,4.13,152.7,153.3,151.7,151.0,0.9941,13.3
4470,3657.6,1.64,86.0,4.13,152.2,152.6,155.3,151.7,0.9939,13.27
4480,3663.6,1.65,86.0,4.13,151.7,152.9,153.5,151.9,0.9936,13.25
4490,3645.3,1.63,86.0,4.13,151.7,152.7,151.4,152.6,0.9933,13.22
4500,3665.5,1.63,86.1,4.13,151.4,152.6,152.5,150.9,0.9931,13.2
4510,3686.3,1.65,86.1,4.13,151.4,151.9,153.1,150.8,0.9928,13.18
4520,3633.0,1.62,86.1,4.12,151.9,152.7,154.9,152.0,0.9925,13.15
4530,3665.4,1.67,86.2,4.12,151.2,152.2,151.5,151.2,0.9922,13.13
4540,3634.8,1.62,86.2,4.12,152.3,150.3,153.9,151.8,0.9919,13.1
4550,3623.4,1.57,86.2,4.12,152.8,154.2,154.4,151.0,0.9916,13.08
4560,3635.6,1.62,86.3,4.12,151.1,153.3,151.9,149.7,0.9913,13.06
4570,3607.5,1.61,86.3,4.12,151.6,152.0,152.3,149.5,0.991,13.03
4580,3614.7,1.63,86.3,4.12,151.7,152.2,151.3,149.2,0.9907,13.01
4590,3593.6,1.61,86.4,4.12,151.6,151.2,152.2,150.8,0.9903,12.98
4600,3667.7,1.59,86.4,4.11,151.2,153.4,152.4,151.1,0.99,12.96
4610,3614.4,1.57,86.4,4.11,151.6,153.5,153.2,151.6,0.9897,12.94
4620,3591.0,1.59,86.5,4.11,151.3,152.0,153.6,150.7,0.9893,12.91
4630,3608.8,1.57,86.5,4.11,149.8,152.6,151.4,150.8,0.989,12.89
4640,3595.5,1.57,86.5,4.11,151.4,151.8,149.8,149.3,0.9886,12.86
4650,3587.7,1.59,86.6,4.11,151.3,150.5,152.1,148.7,0.9883,12.84
4660,3603.4,1.61,86.6,4.11,149.9,151.2,152.4,150.2,0.9879,12.82
4670,3601.8,1.59,86.6,4.1,150.5,151.5,152.3,149.8,0.9875,12.79
4680,3564.4,1.55,86.7,4.1,150.9,150.9,151.6,149.4,0.9872,12.77
4690,3558.1,1.58,86.7,4.1,150.1,151.0,152.1,149.5,0.9868,12.74
4700,3560.3,1.59,86.8,4.1,151.0,151.0,153.7,149.4,0.9864,12.72
4710,3504.4,1.55,86.8,4.1,151.9,151.0,152.3,150.1,0.986,12.7
4720,3518.7,1.56,86.8,4.1,149.3,151.0,151.3,150.0,0.9856,12.67
4730,3585.5,1.56,86.9,4.09,148.7,150.0,151.1,149.2,0.9852,12.65
4740,3587.0,1.54,86.9,4.09,150.0,150.2,151.5,149.4,0.9848,12.62
4750,3534.3,1.57,86.9,4.09,150.2,149.6,153.6,149.0,0.9844,12.6
4760,3549.5,1.55,87.0,4.09,149.3,151.3,151.4,148.1,0.984,12.58
4770,3537.5,1.56,87.0,4.09,150.6,148.8,151.5,149.0,0.9835,12.55
4780,3601.2,1.53,87.0,4.09,148.3,151.3,150.9,147.2,0.9831,12.53
4790,3546.7,1.53,87.1,4.09,149.8,151.4,152.8,149.0,0.9827,12.5
4800,3510.0,1.55,87.1,4.08,148.6,149.9,153.8,147.1,0.9822,12.48
4810,3483.8,1.53,87.2,4.08,150.4,148.0,151.9,148.2,0.9818,12.46
4820,3461.9,1.57,87.2,4.08,150.5,149.7,151.5,147.2,0.9813,12.43
4830,3501.6,1.52,87.2,4.08,148.2,149.9,151.4,148.2,0.9809,12.41
4840,3472.0,1.53,87.3,4.08,148.3,149.0,148.4,147.6,0.9804,12.38
4850,3449.7,1.54,87.3,4.08,149.3,149.3,152.1,146.3,0.9799,12.36
4860,3463.4,1.49,87.4,4.07,148.2,150.8,151.4,147.8,0.9795,12.34
4870,3446.8,1.48,87.4,4.07,148.4,150.1,151.7,146.9,0.979,12.31
4880,3510.3,1.49,87.4,4.07,148.3,148.7,150.3,147.9,0.9785,12.29
4890,3484.5,1.54,87.5,4.07,146.7,148.1,150.6,147.1,0.978,12.26
4900,3456.4,1.5,87.5,4.07,148.1,149.0,150.6,147.3,0.9775,12.24
4910,3487.9,1.56,87.5,4.07,147.5,149.0,152.2,146.1,0.977,12.22
4920,3447.0,1.49,87.6,4.06,147.5,149.5,150.5,146.3,0.9765,12.19
4930,3417.7,1.5,87.6,4.06,149.0,148.5,153.5,146.3,0.976,12.17
4940,3471.4,1.53,87.7,4.06,146.7,149.3,151.4,147.3,0.9755,12.14
4950,3440.9,1.53,87.7,4.06,148.3,150.3,149.4,147.8,0.9749,12.12
4960,3395.6,1.53,87.7,4.06,147.3,149.4,150.7,145.7,0.9744,12.1
4970,3410.9,1.51,87.8,4.06,147.2,148.6,150.1,147.1,0.9739,12.07
4980,3387.8,1.51,87.8,4.05,148.0,148.4,148.2,144.4,0.9733,12.05
4990,3369.1,1.49,87.9,4.05,147.5,148.1,152.7,145.1,0.9728,12.02
5000,3420.9,1.49,87.9,4.05,147.6,149.3,151.6,145.2,0.9722,12.0
5010,3439.4,1.46,87.9,4.05,147.8,147.7,151.4,144.8,0.9717,11.98
5020,3350.7,1.46,88.0,4.05,146.7,148.2,150.9,144.5,0.9711,11.95
5030,3393.7,1.47,88.0,4.04,146.4,148.1,149.0,146.0,0.9705,11.93
5040,3357.2,1.46,88.1,4.04,145.9,147.6,150.1,145.4,0.97,11.9
5050,3355.2,1.45,88.1,4.04,146.0,146.8,151.6,145.7,0.9694,11.88
5060,3346.4,1.47,88.2,4.04,148.9,148.0,149.4,145.9,0.9688,11.86
5070,3333.5,1.48,88.2,4.04,147.5,147.6,147.6,145.4,0.9682,11.83
5080,3350.1,1.45,88.2,4.04,145.3,148.0,150.3,145.6,0.9676,11.81
5090,3322.0,1.48,88.3,4.03,145.2,147.1,150.4,145.0,0.967,11.78
5100,3343.3,1.42,88.3,4.03,146.6,148.4,150.7,144.0,0.9664,11.76
5110,3329.0,1.44,88.4,4.03,146.5,146.6,151.4,145.7,0.9658,11.74
5120,3318.1,1.43,88.4,4.03,146.4,148.6,151.3,144.2,0.9652,11.71
5130,3295.1,1.4,88.4,4.03,145.7,145.8,150.8,143.9,0.9645,11.69
5140,3297.0,1.43,88.5,4.02,145.7,147.4,151.9,144.4,0.9639,11.66
5150,3324.0,1.43,88.5,4.02,145.9,147.4,148.6,143.7,0.9633,11.64
5160,3311.3,1.46,88.6,4.02,145.7,146.2,151.1,144.0,0.9626,11.62
5170,3268.0,1.44,88.6,4.02,143.7,147.1,151.2,144.5,0.962,11.59
5180,3288.5,1.4,88.7,4.02,145.2,147.7,148.9,144.4,0.9613,11.57
5190,3298.5,1.45,88.7,4.01,144.6,144.8,148.6,143.3,0.9607,11.54
5200,3231.5,1.44,88.7,4.01,145.3,146.9,149.5,143.5,0.96,11.52
5210,3280.4,1.42,88.8,4.01,147.5,144.4,149.6,144.6,0.9593,11.5
5220,3243.8,1.4,88.8,4.01,145.3,145.6,151.3,144.1,0.9587,11.47
5230,3268.2,1.38,88.9,4.01,144.7,147.6,149.7,145.2,0.958,11.45
5240,3228.3,1.39,88.9,4.0,145.6,145.7,149.4,144.4,0.9573,11.42
5250,3195.8,1.42,89.0,4.0,145.1,145.1,149.6,144.3,0.9566,11.4
5260,3193.7,1.43,89.0,4.0,145.0,145.8,151.7,142.2,0.9559,11.38
5270,3229.0,1.42,89.1,4.0,145.0,147.6,150.4,143.8,0.9552,11.35
5280,3227.7,1.37,89.1,4.0,146.1,144.4,150.2,143.0,0.9545,11.33
5290,3192.0,1.36,89.1,3.99,143.5,144.9,150.2,142.5,0.9538,11.3
5300,3224.0,1.38,89.2,3.99,144.7,146.9,151.9,143.0,0.9531,11.28
5310,3159.9,1.34,89.2,3.99,143.4,147.1,149.5,143.5,0.9523,11.26
5320,3193.1,1.38,89.3,3.99,144.5,145.4,152.0,143.1,0.9516,11.23
5330,3157.9,1.36,89.3,3.99,143.3,144.4,150.6,141.9,0.9509,11.21
5340,3165.2,1.35,89.4,3.98,143.6,147.0,150.2,143.1,0.9501,11.18
5350,3176.0,1.33,89.4,3.98,143.6,146.5,153.4,141.9,0.9494,11.16
5360,3146.6,1.37,89.5,3.98,144.5,145.7,149.1,142.5,0.9486,11.14
5370,3151.7,1.34,89.5,3.98,144.4,144.4,150.0,142.0,0.9479,11.11
5380,3179.8,1.33,89.5,3.97,142.5,144.9,148.9,141.9,0.9471,11.09
5390,3133.4,1.29,89.6,3.97,143.5,144.8,151.6,142.6,0.9463,11.06
5400,3162.0,1.34,89.6,3.97,142.8,145.1,152.5,141.1,0.9456,11.04
5410,3106.0,1.37,89.7,3.97,142.3,145.9,152.5,143.4,0.9448,11.02
5420,3140.7,1.37,89.7,3.97,143.0,145.3,151.9,140.3,0.944,10.99
5430,3156.7,1.32,89.8,3.96,142.8,143.7,150.2,141.2,0.9432,10.97
5440,3052.0,1.32,89.8,3.96,144.9,145.6,150.1,141.8,0.9424,10.94
5450,3087.0,1.33,89.9,3.96,143.3,144.6,148.5,141.9,0.9416,10.92
5460,3114.5,1.3,89.9,3.96,141.7,144.9,153.0,141.3,0.9408,10.9
5470,3088.1,1.32,90.0,3.95,142.3,145.4,151.1,141.2,0.94,10.87
5480,3095.6,1.33,90.0,3.95,143.5,143.3,150.0,141.5,0.9392,10.85
5490,3064.3,1.33,90.1,3.95,144.2,144.0,152.2,140.9,0.9383,10.82
5500,3074.7,1.3,90.1,3.95,141.2,143.6,149.4,142.1,0.9375,10.8
5510,3061.7,1.3,90.1,3.95,140.9,142.6,151.1,141.6,0.9367,10.78
5520,3087.8,1.28,90.2,3.94,143.8,144.1,150.4,141.5,0.9358,10.75
5530,3058.0,1.28,90.2,3.94,142.5,145.8,151.4,139.9,0.935,10.73
5540,3053.1,1.29,90.3,3.94,141.4,142.2,150.6,140.5,0.9341,10.7
5550,3027.4,1.29,90.3,3.94,142.5,143.6,149.0,140.3,0.9333,10.68
5560,3018.5,1.3,90.4,3.93,139.9,144.0,150.8,139.6,0.9324,10.66
5570,3012.8,1.26,90.4,3.93,141.9,143.5,152.0,140.6,0.9315,10.63
5580,3026.5,1.31,90.5,3.93,142.1,143.3,150.8,139.8,0.9307,10.61
5590,2999.0,1.27,90.5,3.93,142.5,142.2,151.8,140.7,0.9298,10.58
5600,3009.7,1.27,90.6,3.92,140.8,143.4,149.6,139.2,0.9289,10.56
5610,3047.3,1.25,90.6,3.92,141.6,142.5,150.9,141.4,0.928,10.54
5620,3010.1,1.21,90.7,3.92,140.7,141.3,150.2,139.2,0.9271,10.51
5630,2973.1,1.27,90.7,3.92,141.6,143.9,151.9,140.0,0.9262,10.49
5640,3004.1,1.27,90.8,3.91,140.6,143.7,151.1,140.4,0.9253,10.46
5650,2956.8,1.24,90.8,3.91,140.9,142.8,151.9,139.2,0.9244,10.44
5660,2908.9,1.25,90.9,3.91,140.3,142.9,152.4,140.2,0.9235,10.42
5670,2927.5,1.25,90.9,3.91,141.6,143.5,152.0,138.5,0.9225,10.39
5680,2898.8,1.21,91.0,3.9,141.7,142.8,151.5,140.5,0.9216,10.37
5690,2929.6,1.22,91.0,3.9,140.7,143.2,150.0,139.3,0.9207,10.34
5700,2931.7,1.25,91.1,3.9,140.9,142.2,151.3,138.7,0.9197,10.32
5710,2965.9,1.2,91.1,3.9,139.6,143.4,150.7,138.9,0.9188,10.3
5720,2925.0,1.23,91.2,3.89,140.4,142.5,150.9,139.7,0.9178,10.27
5730,2904.1,1.19,91.2,3.89,140.5,142.4,150.9,138.5,0.9169,10.25
5740,2923.1,1.22,91.3,3.89,142.6,141.1,150.3,138.3,0.9159,10.22
5750,2839.9,1.21,91.3,3.89,139.5,142.3,149.1,138.6,0.9149,10.2
5760,2893.8,1.17,91.4,3.88,141.5,141.3,150.7,137.8,0.914,10.18
5770,2900.0,1.23,91.4,3.88,141.1,141.4,151.8,140.1,0.913,10.15
5780,2836.5,1.18,91.5,3.88,140.4,141.2,150.0,138.1,0.912,10.13
5790,2894.7,1.18,91.5,3.88,141.5,140.9,151.7,139.1,0.911,10.1
5800,2867.3,1.2,91.6,3.87,140.3,143.4,154.0,138.6,0.91,10.08
5810,2841.2,1.21,91.6,3.87,140.3,142.7,153.0,137.5,0.909,10.06
5820,2860.1,1.16,91.7,3.87,139.9,143.1,153.8,138.2,0.908,10.03
5830,2893.8,1.18,91.7,3.87,140.8,140.5,152.4,138.8,0.907,10.01
5840,2834.2,1.18,91.8,3.86,140.6,141.5,153.4,137.9,0.906,9.98
5850,2828.6,1.19,91.8,3.86,139.2,140.3,151.2,139.0,0.9049,9.96
5860,2803.5,1.17,91.9,3.86,138.6,140.7,151.3,138.7,0.9039,9.94
5870,2786.4,1.16,91.9,3.86,139.4,140.5,148.9,138.6,0.9029,9.91
5880,2821.1,1.14,92.0,3.85,138.8,142.2,153.7,137.4,0.9018,9.89
5890,2771.6,1.16,92.0,3.85,139.3,140.8,154.1,136.8,0.9008,9.86
5900,2787.4,1.13,92.1,3.85,140.3,141.9,151.7,137.1,0.8997,9.84
5910,2766.3,1.09,92.1,3.84,138.9,141.5,152.1,137.7,0.8987,9.82
5920,2782.9,1.15,92.2,3.84,139.2,142.8,151.6,137.9,0.8976,9.79
5930,2771.9,1.16,92.2,3.84,139.2,139.7,153.0,135.7,0.8965,9.77
5940,2782.1,1.09,92.3,3.84,139.7,141.8,154.0,137.3,0.8955,9.74
5950,2736.0,1.11,92.3,3.83,137.2,141.6,150.6,137.4,0.8944,9.72
5960,2734.6,1.14,92.4,3.83,138.4,139.9,153.3,137.0,0.8933,9.7
5970,2709.5,1.17,92.4,3.83,139.0,141.4,152.5,138.1,0.8922,9.67
5980,2715.4,1.12,92.5,3.83,139.7,140.8,153.1,137.4,0.8911,9.65
5990,2728.5,1.1,92.5,3.82,138.3,140.3,153.6,138.0,0.89,9.62
6000,2730.6,1.11,92.6,3.82,137.1,139.7,152.9,136.7,0.8889,9.6
6010,2681.2,1.14,92.6,3.82,139.1,139.8,153.0,137.6,0.8878,9.58
6020,2718.6,1.09,92.7,3.81,138.0,141.9,153.0,138.1,0.8867,9.55
6030,2723.3,1.09,92.7,3.81,137.5,140.2,154.5,137.7,0.8855,9.53
6040,2692.3,1.09,92.8,3.81,137.9,140.8,153.9,135.7,0.8844,9.5
6050,2721.4,1.07,92.9,3.81,138.2,139.5,153.8,136.3,0.8833,9.48
6060,2647.7,1.09,92.9,3.8,137.8,139.4,152.1,136.2,0.8821,9.46
6070,2628.5,1.12,93.0,3.8,136.4,140.9,153.2,136.8,0.881,9.43
6080,2607.7,1.09,93.0,3.8,138.9,138.9,154.8,136.9,0.8798,9.41
6090,2682.1,1.07,93.1,3.79,139.1,139.5,153.9,135.6,0.8787,9.38
6100,2653.6,1.07,93.1,3.79,138.5,139.8,154.7,136.3,0.8775,9.36
6110,2628.3,1.04,93.2,3.79,137.0,139.9,156.2,134.5,0.8763,9.34
6120,2629.3,1.08,93.2,3.79,137.7,139.6,155.4,137.2,0.8752,9.31
6130,2586.6,1.06,93.3,3.78,137.8,140.0,154.3,135.6,0.874,9.29
6140,2668.4,1.05,93.3,3.78,138.3,140.2,153.7,136.0,0.8728,9.26
6150,2603.0,1.12,93.4,3.78,138.3,140.1,151.4,135.7,0.8716,9.24
6160,2595.1,1.06,93.4,3.77,137.1,138.7,154.3,136.8,0.8704,9.22
6170,2603.0,1.03,93.5,3.77,137.7,139.2,154.2,133.5,0.8692,9.19
6180,2589.4,1.03,93.5,3.77,137.9,140.3,155.2,135.7,0.868,9.17
6190,2575.5,1.06,93.6,3.76,138.7,140.0,154.6,135.6,0.8668,9.14
6200,2542.6,1.04,93.7,3.76,138.0,138.2,154.5,135.2,0.8656,9.12
6210,2566.7,1.0,93.7,3.76,138.0,139.5,152.9,136.9,0.8643,9.1
6220,2594.4,1.04,93.8,3.76,137.4,137.6,154.0,134.8,0.8631,9.07
6230,2573.5,1.01,93.8,3.75,138.4,139.2,155.8,136.1,0.8619,9.05
6240,2572.2,1.05,93.9,3.75,137.6,140.6,157.4,135.7,0.8606,9.02
6250,2512.1,1.03,93.9,3.75,136.5,138.3,155.3,136.3,0.8594,9.0
6260,2492.6,1.0,94.0,3.74,138.2,138.3,156.0,134.7,0.8581,8.98
6270,2506.7,1.03,94.0,3.74,137.6,139.5,156.8,134.6,0.8569,8.95
6280,2503.8,1.0,94.1,3.74,136.7,137.7,154.8,136.0,0.8556,8.93
6290,2522.2,1.01,94.2,3.73,136.6,138.3,156.4,135.4,0.8543,8.9
6300,2445.1,1.0,94.2,3.73,137.2,139.3,155.1,133.8,0.8531,8.88
6310,2518.1,0.97,94.3,3.73,137.2,138.2,157.2,134.6,0.8518,8.86
6320,2468.4,0.97,94.3,3.73,137.0,138.5,156.4,135.3,0.8505,8.83
6330,2454.2,1.0,94.4,3.72,137.0,139.3,156.7,135.6,0.8492,8.81
6340,2432.1,0.97,94.4,3.72,138.1,139.0,155.6,134.3,0.8479,8.78
6350,2408.5,0.97,94.5,3.72,137.5,138.8,157.5,132.5,0.8466,8.76
6360,2463.0,0.95,94.5,3.71,136.8,138.3,159.3,135.2,0.8453,8.74
6370,2436.7,0.97,94.6,3.71,137.4,138.8,155.7,133.7,0.844,8.71
6380,2395.2,1.0,94.7,3.71,135.7,138.4,156.6,133.0,0.8427,8.69
6390,2387.6,0.94,94.7,3.7,136.8,138.8,157.4,132.3,0.8413,8.66
6400,2404.0,0.95,94.8,3.7,137.9,138.0,158.2,135.2,0.84,8.64
6410,2446.7,0.98,94.8,3.7,136.2,138.2,156.7,134.6,0.8387,8.62
6420,2391.0,0.94,94.9,3.69,135.7,137.5,154.1,134.3,0.8373,8.59
6430,2352.4,0.95,94.9,3.69,135.8,138.2,159.3,135.5,0.836,8.57
6440,2376.4,0.92,95.0,3.69,135.4,137.6,158.7,134.9,0.8346,8.54
6450,2368.2,0.94,95.0,3.68,135.6,137.3,155.8,135.6,0.8333,8.52
6460,2300.1,0.93,95.1,3.68,135.9,138.3,157.3,133.2,0.8319,8.5
6470,2358.7,0.95,95.2,3.68,135.1,138.3,160.1,134.2,0.8305,8.47
6480,2346.9,0.95,95.2,3.67,136.2,138.7,160.1,132.9,0.8292,8.45
6490,2362.6,0.97,95.3,3.67,136.8,137.7,159.6,134.0,0.8278,8.42
6500,2383.9,0.93,95.3,3.67,135.3,138.3,158.4,133.9,0.8264,8.4
6510,2358.4,0.92,95.4,3.66,137.2,138.4,158.9,134.6,0.825,8.38
6520,2316.1,0.91,95.4,3.66,136.4,138.3,158.8,134.1,0.8236,8.35
6530,2287.7,0.89,95.5,3.66,136.8,137.2,160.4,134.5,0.8222,8.33
6540,2372.3,0.9,95.6,3.65,135.4,138.0,158.2,134.5,0.8208,8.3
6550,2302.0,0.89,95.6,3.65,136.6,138.1,158.4,135.7,0.8194,8.28
6560,2293.4,0.89,95.7,3.65,135.0,137.8,160.7,133.7,0.818,8.26
6570,2285.0,0.91,95.7,3.64,136.5,136.1,159.6,133.1,0.8165,8.23
6580,2283.2,0.86,95.8,3.64,135.9,137.9,161.5,134.0,0.8151,8.21
6590,2267.2,0.9,95.8,3.64,136.2,139.5,159.2,133.2,0.8137,8.18
6600,2249.0,0.9,95.9,3.63,134.8,137.4,160.1,135.0,0.8122,8.16
6610,2242.3,0.87,96.0,3.63,135.0,137.1,159.2,133.5,0.8108,8.14
6620,2247.8,0.82,96.0,3.63,136.1,137.9,160.5,133.3,0.8093,8.11
6630,2227.6,0.85,96.1,3.62,134.9,137.8,158.8,133.3,0.8079,8.09
6640,2216.0,0.88,96.1,3.62,136.0,138.5,160.2,134.2,0.8064,8.06
6650,2229.1,0.85,96.2,3.62,134.5,136.5,159.2,133.5,0.8049,8.04
6660,2212.7,0.83,96.3,3.61,136.2,138.1,161.9,133.1,0.8035,8.02
6670,2249.3,0.84,96.3,3.61,134.5,138.0,162.1,134.9,0.802,7.99
6680,2138.1,0.86,96.4,3.61,135.9,137.4,159.4,132.8,0.8005,7.97
6690,2224.3,0.85,96.4,3.6,136.0,137.7,163.2,133.5,0.799,7.94
6700,2220.8,0.83,96.5,3.6,134.9,138.2,164.8,134.0,0.7975,7.92
6710,2130.5,0.82,96.6,3.6,135.9,138.1,162.0,132.1,0.796,7.9
6720,2166.4,0.82,96.6,3.59,135.6,136.5,161.4,133.8,0.7945,7.87
6730,2158.4,0.8,96.7,3.59,134.9,138.0,165.7,132.6,0.793,7.85
6740,2125.2,0.85,96.7,3.59,134.6,137.3,160.9,134.0,0.7915,7.82
6750,2133.6,0.81,96.8,3.58,133.8,137.4,162.7,132.6,0.7899,7.8
6760,2118.0,0.84,96.8,3.58,135.6,137.4,163.0,133.9,0.7884,7.78
6770,2182.3,0.84,96.9,3.57,134.0,137.2,164.6,134.2,0.7869,7.75
6780,2154.6,0.82,97.0,3.57,135.4,138.2,163.6,134.0,0.7853,7.73
6790,2155.7,0.79,97.0,3.57,135.0,137.2,162.8,133.5,0.7838,7.7
6800,2134.7,0.8,97.1,3.56,135.8,136.3,162.4,133.1,0.7822,7.68
6810,2081.2,0.79,97.1,3.56,135.0,136.9,163.3,132.8,0.7807,7.66
6820,2089.1,0.77,97.2,3.56,134.9,137.3,162.7,134.4,0.7791,7.63
6830,2107.2,0.79,97.3,3.55,135.8,138.2,164.2,132.6,0.7775,7.61
6840,2057.2,0.76,97.3,3.55,135.4,137.6,163.6,132.4,0.776,7.58
6850,2098.4,0.8,97.4,3.55,135.4,136.5,162.7,133.7,0.7744,7.56
6860,2067.4,0.76,97.4,3.54,135.5,139.1,166.2,132.5,0.7728,7.54
6870,2056.8,0.77,97.5,3.54,133.9,137.3,164.3,132.4,0.7712,7.51
6880,2076.8,0.77,97.6,3.53,135.7,138.1,163.5,132.0,0.7696,7.49
6890,2062.9,0.76,97.6,3.53,135.6,137.0,165.1,132.7,0.768,7.46
6900,2035.7,0.77,97.7,3.53,134.3,137.5,165.5,133.0,0.7664,7.44
6910,2066.5,0.74,97.7,3.52,134.9,137.7,163.6,133.3,0.7648,7.42
6920,2003.4,0.77,97.8,3.52,135.0,138.0,166.3,133.8,0.7632,7.39
6930,2038.7,0.72,97.9,3.52,135.0,137.9,164.8,133.5,0.7615,7.37
6940,2031.0,0.74,97.9,3.51,135.3,137.7,168.3,132.9,0.7599,7.34
6950,2001.4,0.78,98.0,3.51,136.2,136.8,167.1,132.9,0.7583,7.32
6960,2010.2,0.71,98.1,3.51,135.9,136.6,166.2,133.5,0.7566,7.3
6970,1963.7,0.72,98.1,3.5,134.0,137.3,166.0,134.1,0.755,7.27
6980,2011.0,0.74,98.2,3.5,135.5,137.8,167.0,133.1,0.7533,7.25
6990,1976.2,0.73,98.2,3.49,136.1,136.8,168.0,132.6,0.7517,7.22
7000,1960.8,0.73,98.3,3.49,135.3,137.9,167.5,132.2,0.75,7.2
7010,1993.0,0.73,98.4,3.49,135.9,138.2,167.5,131.9,0.7483,7.18
7020,1942.2,0.72,98.4,3.48,136.6,136.3,168.0,133.5,0.7467,7.15
7030,1917.6,0.73,98.5,3.48,135.8,136.3,167.4,133.5,0.745,7.13
7040,1906.9,0.71,98.5,3.47,135.2,136.9,168.0,133.5,0.7433,7.1
7050,1954.0,0.7,98.6,3.47,135.8,137.2,166.1,132.9,0.7416,7.08
7060,1899.9,0.71,98.7,3.47,135.1,136.6,170.0,134.1,0.7399,7.06
7070,1968.9,0.73,98.7,3.46,135.0,138.1,169.4,132.6,0.7382,7.03
7080,1866.0,0.69,98.8,3.46,134.7,137.3,168.3,133.8,0.7365,7.01
7090,1953.6,0.67,98.9,3.46,136.3,137.0,171.8,133.0,0.7348,6.98
7100,1909.6,0.7,98.9,3.45,134.3,135.9,169.8,132.5,0.7331,6.96
7110,1895.0,0.68,99.0,3.45,136.2,136.0,168.7,133.5,0.7313,6.94
7120,1876.9,0.63,99.0,3.44,135.4,137.2,171.2,133.3,0.7296,6.91
7130,1893.7,0.69,99.1,3.44,133.9,135.3,170.9,133.3,0.7279,6.89
7140,1875.9,0.66,99.2,3.44,135.3,137.8,171.1,133.1,0.7261,6.86
7150,1897.6,0.66,99.2,3.43,133.3,136.9,170.3,133.0,0.7244,6.84
7160,1866.1,0.67,99.3,3.43,135.5,139.6,171.6,134.9,0.7226,6.82
7170,1860.2,0.66,99.4,3.42,135.7,138.9,171.0,134.0,0.7209,6.79
7180,1840.6,0.67,99.4,3.42,134.6,136.9,172.2,133.6,0.7191,6.77
7190,1841.5,0.64,99.5,3.42,135.1,137.0,169.5,133.1,0.7173,6.74
7200,1843.9,0.66,99.5,3.41,136.6,137.9,171.5,133.9,0.7156,6.72
7210,1786.7,0.64,99.6,3.41,134.7,138.4,174.3,133.5,0.7138,6.7
7220,1789.1,0.65,99.7,3.4,134.2,135.8,171.6,133.1,0.712,6.67
7230,1834.7,0.65,99.7,3.4,136.3,135.7,172.0,132.8,0.7102,6.65
7240,1813.7,0.61,99.8,3.4,136.7,136.6,172.5,133.0,0.7084,6.62
7250,1798.2,0.65,99.9,3.39,135.1,137.6,171.8,130.6,0.7066,6.6
7260,1796.6,0.61,99.9,3.39,135.9,137.5,170.8,133.3,0.7048,6.58
7270,1798.2,0.64,100.0,3.38,136.2,138.0,173.5,132.8,0.703,6.55
7280,1769.5,0.62,100.1,3.38,134.6,136.2,174.2,134.4,0.7012,6.53
7290,1756.9,0.65,100.1,3.38,134.8,135.3,174.2,133.2,0.6993,6.5
7300,1774.7,0.61,100.2,3.37,136.2,137.9,174.3,132.2,0.6975,6.48
7310,1738.8,0.6,100.2,3.37,136.5,136.5,174.8,133.2,0.6957,6.46
7320,1767.0,0.6,100.3,3.36,135.7,135.6,176.2,132.4,0.6938,6.43
7330,1707.7,0.59,100.4,3.36,134.5,137.3,175.0,133.6,0.692,6.41
7340,1769.5,0.61,100.4,3.36,136.8,137.9,174.8,133.5,0.6901,6.38
7350,1749.1,0.56,100.5,3.35,134.8,137.1,175.5,134.0,0.6883,6.36
7360,1737.2,0.57,100.6,3.35,135.0,136.9,176.7,132.7,0.6864,6.34
7370,1749.0,0.56,100.6,3.34,135.6,137.2,178.0,133.3,0.6845,6.31
7380,1759.6,0.6,100.7,3.34,136.6,137.0,175.8,132.3,0.6827,6.29
7390,1737.0,0.61,100.8,3.33,136.0,136.2,177.0,133.9,0.6808,6.26
7400,1659.2,0.57,100.8,3.33,135.7,136.8,177.5,133.8,0.6789,6.24
7410,1666.9,0.57,100.9,3.33,135.8,137.8,176.2,133.8,0.677,6.22
7420,1676.9,0.57,101.0,3.32,135.4,137.6,177.7,133.4,0.6751,6.19
7430,1686.9,0.59,101.0,3.32,135.9,137.5,176.2,133.8,0.6732,6.17
7440,1692.9,0.54,101.1,3.31,133.4,136.6,176.1,134.8,0.6713,6.14
7450,1655.6,0.56,101.1,3.31,135.2,137.3,178.9,133.3,0.6694,6.12
7460,1672.1,0.58,101.2,3.3,135.7,135.7,178.3,133.7,0.6675,6.1
7470,1642.3,0.56,101.3,3.3,134.6,137.6,179.3,132.7,0.6655,6.07
7480,1639.7,0.55,101.3,3.3,135.9,138.7,179.3,132.9,0.6636,6.05
7490,1613.7,0.57,101.4,3.29,135.4,136.4,178.4,133.7,0.6617,6.02
7500,1619.6,0.49,101.5,3.29,137.0,137.1,179.8,134.5,0.6597,6.0
7510,1602.7,0.55,101.5,3.28,136.9,137.9,178.7,133.5,0.6578,5.98
7520,1606.0,0.52,101.6,3.28,135.3,138.6,182.1,133.5,0.6558,5.95
7530,1650.6,0.5,101.7,3.27,135.6,137.3,179.1,133.4,0.6539,5.93
7540,1594.5,0.54,101.7,3.27,135.7,137.1,180.8,133.4,0.6519,5.9
7550,1678.0,0.55,101.8,3.27,135.4,136.1,180.0,134.1,0.6499,5.88
7560,1618.5,0.52,101.9,3.26,136.0,137.8,182.2,132.7,0.648,5.86
7570,1604.7,0.54,101.9,3.26,135.2,139.4,181.5,134.9,0.646,5.83
7580,1572.7,0.55,102.0,3.25,135.0,138.0,181.5,133.4,0.644,5.81
7590,1605.7,0.54,102.1,3.25,136.4,137.8,183.5,134.5,0.642,5.78
7600,1567.8,0.54,102.1,3.24,136.4,138.1,182.8,133.0,0.64,5.76
7610,1579.3,0.52,102.2,3.24,135.3,137.9,183.6,134.6,0.638,5.74
7620,1634.4,0.51,102.3,3.24,136.7,137.3,182.1,134.6,0.636,5.71
7630,1562.1,0.47,102.3,3.23,135.5,138.6,181.9,134.4,0.634,5.69
7640,1587.4,0.49,102.4,3.23,136.3,138.2,184.0,133.4,0.632,5.66
7650,1535.3,0.48,102.5,3.22,136.8,138.1,183.8,134.4,0.6299,5.64
7660,1546.2,0.54,102.5,3.22,136.1,137.3,185.3,133.3,0.6279,5.62
7670,1585.5,0.49,102.6,3.21,136.6,139.2,184.7,134.1,0.6259,5.59
7680,1519.8,0.49,102.7,3.21,135.8,138.7,185.4,135.1,0.6238,5.57
7690,1575.1,0.49,102.7,3.2,136.1,137.7,183.5,135.0,0.6218,5.54
7700,1541.8,0.48,102.8,3.2,136.1,139.0,188.0,134.4,0.6197,5.52
7710,1504.3,0.51,102.9,3.19,135.8,137.9,185.9,133.7,0.6177,5.5
7720,1528.5,0.46,102.9,3.19,136.3,137.7,187.2,135.0,0.6156,5.47
7730,1531.4,0.47,103.0,3.19,135.2,137.7,185.7,134.5,0.6135,5.45
7740,1517.0,0.45,103.1,3.18,136.1,137.0,187.4,132.7,0.6115,5.42
7750,1456.6,0.44,103.1,3.18,136.3,138.8,185.7,135.2,0.6094,5.4
7760,1472.2,0.45,103.2,3.17,136.4,137.0,188.2,134.7,0.6073,5.38
7770,1478.6,0.46,103.3,3.17,136.4,137.5,187.5,135.7,0.6052,5.35
7780,1477.4,0.45,103.3,3.16,136.6,136.9,188.3,133.9,0.6031,5.33
7790,1489.3,0.44,103.4,3.16,137.1,138.5,189.4,132.3,0.601,5.3
7800,1472.8,0.42,103.5,3.15,137.4,138.5,187.4,135.1,0.5989,5.28
7810,1429.5,0.45,103.5,3.15,136.3,138.4,188.4,135.1,0.5968,5.26
7820,1467.0,0.41,103.6,3.14,135.9,137.9,190.1,133.6,0.5947,5.23
7830,1467.4,0.46,103.7,3.14,136.1,137.8,192.4,134.2,0.5925,5.21
7840,1460.8,0.44,103.7,3.14,136.6,139.2,190.0,137.3,0.5904,5.18
7850,1468.5,0.41,103.8,3.13,136.7,138.4,191.2,134.9,0.5883,5.16
7860,1457.0,0.43,103.9,3.13,136.4,139.2,190.7,135.8,0.5861,5.14
7870,1442.4,0.41,103.9,3.12,136.1,138.2,193.5,134.7,0.584,5.11
7880,1423.9,0.43,104.0,3.12,136.8,139.1,189.4,133.6,0.5818,5.09
7890,1378.9,0.45,104.1,3.11,137.3,140.1,192.0,135.2,0.5797,5.06
7900,1426.0,0.38,104.2,3.11,137.7,139.6,190.2,135.2,0.5775,5.04
7910,1415.2,0.42,104.2,3.1,136.9,138.8,189.5,135.1,0.5753,5.02
7920,1411.7,0.41,104.3,3.1,137.0,139.4,193.2,135.4,0.5732,4.99
7930,1367.9,0.43,104.4,3.09,136.7,139.1,193.3,135.8,0.571,4.97
7940,1367.7,0.41,104.4,3.09,137.4,139.3,193.2,135.5,0.5688,4.94
7950,1416.0,0.39,104.5,3.08,136.8,139.1,193.7,134.7,0.5666,4.92
7960,1383.6,0.4,104.6,3.08,138.0,139.3,197.9,136.1,0.5644,4.9
7970,1396.7,0.39,104.6,3.07,136.2,139.6,194.2,134.2,0.5622,4.87
7980,1375.4,0.42,104.7,3.07,137.4,138.7,195.5,134.2,0.56,4.85
7990,1370.5,0.4,104.8,3.06,138.0,138.7,194.5,136.5,0.5578,4.82
8000,1388.3,0.43,104.8,3.06,137.9,138.5,195.9,136.4,0.5556,4.8
8010,1347.0,0.39,104.9,3.06,140.0,138.4,195.6,136.0,0.5533,4.78
8020,1357.5,0.38,105.0,3.05,138.2,138.7,195.8,135.0,0.5511,4.75
8030,1338.7,0.36,105.0,3.05,137.2,139.9,198.8,135.6,0.5489,4.73
8040,1334.6,0.35,105.1,3.04,138.0,139.1,198.4,136.0,0.5466,4.7
8050,1332.9,0.35,105.2,3.04,136.7,140.3,197.5,135.0,0.5444,4.68
8060,1341.5,0.38,105.3,3.03,138.1,140.0,194.9,135.8,0.5421,4.66
8070,1319.2,0.39,105.3,3.03,137.6,138.4,197.6,137.0,0.5399,4.63
8080,1357.9,0.34,105.4,3.02,139.0,140.6,201.6,137.6,0.5376,4.61
8090,1299.5,0.39,105.5,3.02,137.9,140.8,198.5,136.2,0.5353,4.58
8100,1312.5,0.36,105.5,3.01,138.3,139.4,200.4,137.2,0.5331,4.56
8110,1301.6,0.37,105.6,3.01,138.0,140.6,201.2,135.2,0.5308,4.54
8120,1344.2,0.4,105.7,3.0,139.9,139.6,200.1,137.3,0.5285,4.51
8130,1308.4,0.38,105.7,3.0,138.3,140.4,199.2,136.2,0.5262,4.49
8140,1324.8,0.35,105.8,2.99,140.1,139.4,197.6,137.2,0.5239,4.46
8150,1257.4,0.34,105.9,2.99,139.4,139.0,201.7,136.8,0.5216,4.44
8160,1296.7,0.31,106.0,2.98,139.2,140.2,200.3,138.1,0.5193,4.42
8170,1307.9,0.34,106.0,2.98,139.2,140.5,201.9,136.4,0.517,4.39
8180,1283.3,0.35,106.1,2.97,139.2,140.4,200.5,137.7,0.5147,4.37
8190,1303.5,0.33,106.2,2.97,137.5,139.8,202.1,137.0,0.5123,4.34
8200,1259.7,0.34,106.2,2.96,138.8,140.5,202.8,137.2,0.51,4.32
8210,1303.5,0.34,106.3,2.96,139.8,141.1,203.5,137.3,0.5077,4.3
8220,1321.5,0.34,106.4,2.95,139.2,140.9,202.2,136.8,0.5053,4.27
8230,1250.7,0.33,106.5,2.95,138.2,141.1,205.3,137.5,0.503,4.25
8240,1244.4,0.34,106.5,2.94,139.3,140.5,203.5,137.6,0.5006,4.22
8250,1287.7,0.34,106.6,2.94,140.8,142.1,202.6,137.9,0.4983,4.2
8260,1286.8,0.31,106.7,2.93,140.5,140.2,204.9,137.9,0.4959,4.18
8270,1230.1,0.36,106.7,2.93,139.5,141.6,205.4,138.5,0.4935,4.15
8280,1228.6,0.33,106.8,2.92,140.4,142.3,206.0,138.7,0.4912,4.13
8290,1228.0,0.33,106.9,2.92,139.4,141.8,207.8,137.2,0.4888,4.1
8300,1197.4,0.34,106.9,2.91,138.4,141.3,206.3,138.8,0.4864,4.08
8310,1204.1,0.33,107.0,2.91,139.1,141.1,206.8,137.2,0.484,4.06
8320,1198.0,0.34,107.1,2.9,141.2,142.4,206.0,138.7,0.4816,4.03
8330,1200.0,0.32,107.2,2.9,139.8,140.5,208.7,138.8,0.4792,4.01
8340,1214.4,0.3,107.2,2.89,139.9,141.0,208.3,136.9,0.4768,3.98
8350,1217.3,0.32,107.3,2.89,139.9,141.5,208.0,138.6,0.4744,3.96
8360,1246.4,0.3,107.4,2.88,141.7,142.9,206.6,138.2,0.472,3.94
8370,1178.9,0.31,107.4,2.88,141.6,142.3,211.0,138.0,0.4695,3.91
8380,1224.7,0.31,107.5,2.87,142.2,141.2,208.2,139.8,0.4671,3.89
8390,1191.0,0.3,107.6,2.87,140.3,141.8,209.3,138.3,0.4647,3.86
8400,1191.4,0.3,107.7,2.86,140.8,141.7,210.9,138.3,0.4622,3.84
8410,1205.8,0.3,107.7,2.85,139.4,141.7,209.4,139.0,0.4598,3.82
8420,1157.3,0.3,107.8,2.85,141.9,143.1,209.4,139.6,0.4573,3.79
8430,1191.3,0.3,107.9,2.84,139.8,141.3,209.1,139.0,0.4549,3.77
8440,1182.4,0.3,108.0,2.84,141.0,143.7,212.9,140.2,0.4524,3.74
8450,1187.0,0.3,108.0,2.83,140.0,143.2,211.8,139.7,0.4499,3.72
8460,1178.4,0.32,108.1,2.83,140.5,143.5,216.3,137.7,0.4475,3.7
8470,1229.1,0.3,108.2,2.82,140.4,142.3,212.0,139.1,0.445,3.67
8480,1148.3,0.31,108.2,2.82,140.7,142.6,212.5,139.1,0.4425,3.65
8490,1147.6,0.3,108.3,2.81,140.8,141.7,213.4,140.0,0.44,3.62
8500,1141.9,0.3,108.4,2.81,140.9,142.5,214.7,137.6,0.4375,3.6
8510,1140.3,0.32,108.5,2.8,142.1,143.4,214.3,141.9,0.435,3.58
8520,1135.0,0.3,108.5,2.8,140.6,144.1,216.0,140.3,0.4325,3.55
8530,1177.4,0.3,108.6,2.79,141.7,142.2,214.5,140.1,0.43,3.53
8540,1179.9,0.3,108.7,2.79,142.6,142.9,214.4,141.0,0.4275,3.5
8550,1126.9,0.3,108.8,2.78,141.3,143.2,214.3,142.1,0.4249,3.48
8560,1117.2,0.3,108.8,2.78,141.2,142.3,214.2,141.0,0.4224,3.46
8570,1146.7,0.3,108.9,2.77,141.7,143.9,216.7,141.1,0.4199,3.43
8580,1118.0,0.3,109.0,2.76,142.9,142.9,217.4,140.6,0.4173,3.41
8590,1144.6,0.3,109.0,2.76,142.2,143.4,217.4,140.4,0.4148,3.38
8600,1130.8,0.3,109.1,2.75,141.7,143.3,220.1,140.3,0.4122,3.36
8610,1084.9,0.3,109.2,2.75,142.6,143.1,220.5,140.1,0.4097,3.34
8620,1158.5,0.3,109.3,2.74,141.5,143.8,219.0,140.3,0.4071,3.31
8630,1161.8,0.3,109.3,2.74,143.0,143.8,217.7,139.8,0.4045,3.29
8640,1098.7,0.3,109.4,2.73,142.8,143.7,219.6,140.9,0.402,3.26
8650,1101.5,0.3,109.5,2.73,142.3,143.5,220.0,139.8,0.3994,3.24
8660,1115.5,0.3,109.6,2.72,142.0,144.4,220.3,141.3,0.3968,3.22
8670,1113.9,0.3,109.6,2.72,142.1,145.6,220.7,141.3,0.3942,3.19
8680,1119.3,0.3,109.7,2.71,143.3,144.4,221.2,141.5,0.3916,3.17
8690,1150.4,0.3,109.8,2.7,143.9,145.2,221.9,141.1,0.389,3.14
8700,1093.0,0.3,109.9,2.7,142.5,143.4,222.0,144.0,0.3864,3.12
8710,1074.8,0.3,109.9,2.69,143.5,144.7,223.5,142.7,0.3838,3.1
8720,1057.7,0.3,110.0,2.69,141.5,143.8,224.1,140.8,0.3812,3.07
8730,1071.3,0.3,110.1,2.68,142.8,143.6,223.0,142.0,0.3785,3.05
8740,1086.2,0.3,110.1,2.68,143.4,144.2,226.0,141.5,0.3759,3.02
8750,1129.4,0.3,110.2,2.67,142.7,145.9,223.8,141.2,0.3733,3.0
8760,1069.2,0.3,110.3,2.67,142.8,145.8,223.4,141.1,0.3706,2.98
8770,1085.3,0.3,110.4,2.66,143.1,145.3,226.3,142.6,0.368,2.95
8780,1076.9,0.3,110.4,2.66,144.0,143.9,225.3,141.8,0.3653,2.93
8790,1104.6,0.3,110.5,2.65,143.7,145.1,227.1,143.2,0.3627,2.9
8800,1135.8,0.3,110.6,2.64,142.1,145.6,224.2,143.3,0.36,2.88
8810,1057.0,0.3,110.7,2.64,142.3,145.6,229.2,143.7,0.3573,2.86
8820,1055.8,0.3,110.7,2.63,143.6,144.0,228.8,142.0,0.3547,2.83
8830,1091.9,0.3,110.8,2.63,144.6,144.9,226.6,143.2,0.352,2.81
8840,1080.7,0.3,110.9,2.62,142.1,145.6,227.1,143.4,0.3493,2.78
8850,1107.7,0.3,111.0,2.62,144.0,146.2,231.3,142.6,0.3466,2.76
8860,1074.0,0.3,111.0,2.61,144.1,144.1,228.9,142.5,0.3439,2.74
8870,1048.4,0.3,111.1,2.6,145.7,145.8,229.2,144.5,0.3412,2.71
8880,1070.1,0.3,111.2,2.6,144.4,146.1,227.9,143.5,0.3385,2.69
8890,1081.0,0.3,111.3,2.59,145.1,146.8,230.7,143.9,0.3358,2.66
8900,1071.9,0.3,111.3,2.59,145.0,146.8,231.3,142.9,0.3331,2.64
8910,1062.1,0.3,111.4,2.58,143.2,146.8,232.9,142.6,0.3303,2.62
8920,1074.2,0.3,111.5,2.58,145.7,145.7,230.8,143.3,0.3276,2.59
8930,1074.9,0.3,111.6,2.57,145.3,144.9,231.1,143.7,0.3249,2.57
8940,1078.4,0.3,111.6,2.56,145.6,146.2,233.9,143.1,0.3221,2.54
8950,1058.3,0.3,111.7,2.56,148.5,147.4,235.0,144.0,0.3194,2.52
8960,1036.1,0.3,111.8,2.55,143.8,147.8,232.4,142.8,0.3166,2.5
8970,1042.3,0.3,111.9,2.55,146.9,147.4,236.0,143.3,0.3139,2.47
8980,1067.1,0.3,111.9,2.54,145.4,147.3,235.2,144.9,0.3111,2.45
8990,1014.9,0.3,112.0,2.54,145.9,147.3,236.9,144.9,0.3083,2.42
9000,1042.9,0.3,112.1,2.53,145.8,146.6,236.0,144.2,0.3056,2.4
9010,1022.3,0.3,112.2,2.52,145.6,147.1,233.5,143.8,0.3028,2.38
9020,1031.3,0.3,112.3,2.52,145.5,148.6,236.8,143.9,0.3,2.35
9030,1061.1,0.3,112.3,2.51,146.4,146.6,238.7,144.5,0.2972,2.33
9040,1032.5,0.3,112.4,2.51,145.0,148.7,236.8,145.5,0.2944,2.3
9050,1027.4,0.3,112.5,2.5,146.9,147.3,237.9,145.8,0.2916,2.28
9060,1000.0,0.3,112.6,2.5,146.1,148.7,238.6,144.8,0.2888,2.26
9070,1042.2,0.3,112.6,2.49,145.6,146.6,235.8,144.3,0.286,2.23
9080,1038.4,0.3,112.7,2.48,146.2,148.3,241.8,145.6,0.2832,2.21
9090,1075.0,0.3,112.8,2.48,147.7,147.3,239.2,144.8,0.2803,2.18
9100,1012.0,0.3,112.9,2.47,146.3,146.9,241.3,145.1,0.2775,2.16
9110,1024.0,0.3,112.9,2.47,147.2,148.3,241.1,146.7,0.2747,2.14
9120,1023.6,0.3,113.0,2.46,146.4,149.0,243.1,146.4,0.2718,2.11
9130,1055.7,0.3,113.1,2.45,147.7,147.6,242.6,146.0,0.269,2.09
9140,1012.8,0.3,113.2,2.45,147.7,147.2,242.3,145.0,0.2661,2.06
9150,1021.1,0.3,113.2,2.44,148.7,148.4,242.0,146.3,0.2633,2.04
9160,1028.3,0.3,113.3,2.44,147.2,148.5,244.5,147.0,0.2604,2.02
9170,1016.8,0.3,113.4,2.43,148.0,149.1,241.7,146.0,0.2575,1.99
9180,1000.1,0.3,113.5,2.42,147.6,149.5,245.2,147.5,0.2547,1.97
9190,1015.2,0.3,113.6,2.42,148.7,148.8,243.6,147.5,0.2518,1.94
9200,1036.3,0.3,113.6,2.41,147.2,150.4,246.9,147.9,0.2489,1.92
9210,1000.0,0.3,113.7,2.41,148.5,149.2,246.1,147.0,0.246,1.9
9220,1011.2,0.3,113.8,2.4,147.8,148.8,247.1,147.3,0.2431,1.87
9230,1000.0,0.3,113.9,2.39,148.0,147.9,246.9,148.1,0.2402,1.85
9240,1036.3,0.3,113.9,2.39,148.2,149.1,245.2,147.4,0.2373,1.82
9250,1000.0,0.3,114.0,2.38,148.5,149.1,246.8,146.7,0.2344,1.8
9260,1000.0,0.3,114.1,2.38,148.3,150.2,249.1,146.9,0.2315,1.78
9270,1013.9,0.3,114.2,2.37,148.6,149.9,248.9,147.5,0.2285,1.75
9280,1043.1,0.3,114.3,2.36,149.8,148.7,250.6,146.4,0.2256,1.73
9290,1001.8,0.3,114.3,2.36,149.4,149.9,250.2,147.4,0.2227,1.7
9300,1000.0,0.3,114.4,2.35,149.4,150.4,249.0,148.5,0.2197,1.68
9310,1049.5,0.3,114.5,2.35,148.5,151.2,249.7,146.0,0.2168,1.66
9320,1000.0,0.3,114.6,2.34,148.2,150.7,251.3,149.1,0.2138,1.63
9330,1000.0,0.3,114.6,2.33,149.8,150.7,248.9,148.9,0.2109,1.61
9340,1012.3,0.3,114.7,2.33,149.9,150.3,254.1,147.7,0.2079,1.58
9350,1000.0,0.3,114.8,2.32,150.4,150.6,253.1,148.6,0.2049,1.56
9360,1000.0,0.3,114.9,2.31,148.9,151.4,254.6,148.3,0.202,1.54
9370,1018.3,0.3,115.0,2.31,149.3,149.4,251.7,149.4,0.199,1.51
9380,1006.5,0.3,115.0,2.3,148.2,150.3,255.6,149.3,0.196,1.49
9390,1000.0,0.3,115.1,2.3,149.3,150.1,257.2,147.5,0.193,1.46
9400,1000.0,0.3,115.2,2.29,150.5,151.1,253.5,149.2,0.19,1.44
9410,1021.9,0.3,115.3,2.28,149.5,151.8,256.5,148.7,0.187,1.42
9420,1016.3,0.3,115.3,2.28,150.5,150.5,256.0,149.0,0.184,1.39
9430,1000.0,0.3,115.4,2.27,149.9,149.1,254.7,148.5,0.181,1.37
9440,1046.2,0.3,115.5,2.27,150.4,150.8,257.6,150.6,0.178,1.34
9450,1000.0,0.3,115.6,2.26,149.3,152.0,258.5,150.1,0.1749,1.32
9460,1000.0,0.3,115.7,2.25,150.4,151.8,257.3,148.8,0.1719,1.3
9470,1000.0,0.3,115.7,2.25,148.1,151.8,259.9,148.4,0.1689,1.27
9480,1000.0,0.3,115.8,2.24,150.4,151.3,257.0,149.3,0.1658,1.25
9490,1006.9,0.3,115.9,2.23,149.3,150.6,257.7,150.0,0.1628,1.22
9500,1000.0,0.3,116.0,2.23,151.7,152.1,260.2,150.0,0.1597,1.2
9510,1010.2,0.3,116.1,2.22,151.5,151.1,260.5,150.9,0.1567,1.18
9520,1000.0,0.3,116.1,2.21,151.3,153.6,260.1,150.6,0.1536,1.15
9530,1038.2,0.3,116.2,2.21,152.3,152.4,262.5,150.9,0.1505,1.13
9540,1000.4,0.3,116.3,2.2,150.4,151.6,262.6,150.5,0.1475,1.1
9550,1030.9,0.3,116.4,2.2,152.6,151.7,263.5,149.2,0.1444,1.08
9560,1012.0,0.3,116.4,2.19,152.1,152.2,262.8,150.3,0.1413,1.06
9570,1015.4,0.3,116.5,2.18,151.3,152.2,264.2,151.4,0.1382,1.03
9580,1018.8,0.3,116.6,2.18,152.5,153.3,263.5,150.6,0.1351,1.01
9590,1016.3,0.3,116.7,2.17,150.8,152.7,267.0,151.2,0.132,0.98
9600,1021.8,0.3,116.8,2.16,151.1,152.0,264.0,150.6,0.1289,0.96
9610,1039.7,0.3,116.8,2.16,151.4,154.2,268.0,150.1,0.1258,0.94
9620,1012.1,0.3,116.9,2.15,151.5,152.9,266.0,151.0,0.1227,0.91
9630,1025.6,0.3,117.0,2.14,151.2,153.5,264.9,151.4,0.1195,0.89
9640,1006.4,0.3,117.1,2.14,153.1,152.5,268.7,150.8,0.1164,0.86
9650,1045.5,0.3,117.2,2.13,152.0,153.4,267.7,151.2,0.1133,0.84
9660,1000.0,0.3,117.2,2.13,152.6,153.4,269.0,150.7,0.1101,0.82
9670,1056.3,0.3,117.3,2.12,152.0,151.8,270.0,152.5,0.107,0.79
9680,1011.2,0.3,117.4,2.11,151.1,155.0,269.4,151.5,0.1038,0.77
9690,1000.0,0.3,117.5,2.11,152.9,154.5,268.8,153.0,0.1007,0.74
9700,1017.4,0.3,117.6,2.1,151.2,153.2,271.2,153.1,0.0975,0.72
9710,1000.0,0.3,117.6,2.09,152.8,152.8,270.6,152.0,0.0943,0.7
9720,1037.3,0.3,117.7,2.09,151.8,154.0,271.9,151.3,0.0912,0.67
9730,1001.1,0.3,117.8,2.08,154.6,153.9,269.0,150.6,0.088,0.65
9740,1007.4,0.3,117.9,2.07,153.9,154.2,272.6,151.2,0.0848,0.62
9750,1000.0,0.3,118.0,2.07,153.3,154.2,271.9,151.3,0.0816,0.6
9760,1009.7,0.3,118.0,2.06,154.3,154.5,275.1,153.6,0.0784,0.58
9770,1000.0,0.3,118.1,2.05,152.7,155.4,274.4,152.7,0.0752,0.55
9780,1000.0,0.3,118.2,2.05,154.0,154.7,274.4,153.1,0.072,0.53
9790,1044.0,0.3,118.3,2.04,153.8,153.5,275.3,151.1,0.0688,0.5
9800,1046.0,0.3,118.4,2.03,153.9,155.6,274.0,152.0,0.0656,0.48
9810,1038.4,0.3,118.5,2.03,154.8,155.9,277.7,153.8,0.0623,0.46
9820,1005.0,0.3,118.5,2.02,154.5,157.2,278.6,153.4,0.0591,0.43
9830,1029.5,0.3,118.6,2.01,154.2,153.8,277.2,153.2,0.0559,0.41
9840,1032.1,0.3,118.7,2.01,152.8,155.0,279.2,153.8,0.0526,0.38
9850,1004.8,0.3,118.8,2.0,153.4,153.3,277.1,154.8,0.0494,0.36
9860,1073.0,0.3,118.9,1.99,154.2,155.4,277.3,153.4,0.0461,0.34
9870,1058.9,0.3,118.9,1.99,154.5,154.7,278.9,153.7,0.0429,0.31
9880,1033.2,0.3,119.0,1.98,153.6,156.7,279.9,153.9,0.0396,0.29
9890,1041.1,0.3,119.1,1.97,156.5,154.7,279.4,155.8,0.0363,0.26
9900,1047.4,0.3,119.2,1.97,155.9,154.0,281.0,152.3,0.0331,0.24
9910,1000.0,0.3,119.3,1.96,155.2,155.1,281.3,154.6,0.0298,0.22
9920,1039.6,0.3,119.3,1.95,154.9,154.0,280.2,154.1,0.0265,0.19
9930,1030.6,0.3,119.4,1.95,154.8,156.2,282.6,154.7,0.0232,0.17
9940,1024.5,0.3,119.5,1.94,154.3,154.1,283.5,153.9,0.0199,0.14
9950,1044.4,0.3,119.6,1.93,155.2,155.8,283.2,154.4,0.0166,0.12
9960,1098.3,0.3,119.7,1.93,155.4,154.2,284.9,155.2,0.0133,0.1
9970,1071.4,0.3,119.8,1.92,154.3,155.7,282.6,157.2,0.01,0.07
9980,1043.2,0.3,119.8,1.91,155.7,157.4,285.1,155.4,0.0067,0.05
9990,1073.8,0.3,119.9,1.91,155.4,156.4,283.7,154.2,0.0033,0.02
